Country,q#3,q#4,q#5_min,q#5_max,q#5_avg,q#5_var,q#6_min,q#6_max,q#6_avg,q#6_var,q#7_min,q#7_max,q#7_avg,q#7_var,q#8_min,q#8_max,q#8_avg,q#8_var,q#9_min,q#9_max,q#9_avg,q#9_var,q#10_min,q#10_max,q#10_avg,q#10_var,q#11,q#12_min,q#12_max,q#12_avg,q#12_var,q#13_min,q#13_max,q#13_avg,q#13_var,q#14,q#15,q#16,population,median_age,# of people aged 65 older,# of people aged 70 older,economic performance,death rates due to heart disease,diabetes prevalence,#of female smokers,#of male smokers,handwashing facilities,hospital beds per thousand people,life expectancy,human development index
Afghanistan,58843.0,2582.0,0.51,1.53,1.0399489795918357,0.0790198953561016,0.0,0.0,0.0,0.0,0.0,0.0,0.0,0.0,0.0,0.0,0.0,0.0,0.0,0.0,0.0,0.0,0.0,0.0,0.0,0.0,0.0,0.0,0.0,0.0,0.0,0.0,0.0,0.0,0.0,240000.0,0.0,240000.0,38928341.0,18.6,2.581,1.337,1803.987,597.029,9.59,0.0,0.0,37.746,0.5,64.83,0.511
Africa,4506744.0,120132.0,0.0,0.0,0.0,0.0,0.0,0.0,0.0,0.0,0.0,0.0,0.0,0.0,0.0,0.0,0.0,0.0,0.0,0.0,0.0,0.0,0.0,0.0,0.0,0.0,0.0,0.0,0.0,0.0,0.0,0.0,0.0,0.0,0.0,12011465.0,4728173.0,16952015.0,1340598113.0,0.0,0.0,0.0,0.0,0.0,0.0,0.0,0.0,0.0,0.0,0.0,0.0
Albania,130537.0,2378.0,0.66,1.66,1.0506549118387905,0.03320712776554636,0.0,0.0,0.0,0.0,0.0,0.0,0.0,0.0,0.0,0.0,0.0,0.0,0.0,0.0,0.0,0.0,1.0,4562.0,1418.4976076555024,1606403.5227215495,592932.0,0.032,0.409,0.1884331683168317,0.006745230682040969,2.4,31.6,7.110396039603962,25.37073350651888,6073.0,655.0,400064.0,2877800.0,38.0,13.188,8.643,11803.431,304.195,10.08,7.1,51.2,0.0,2.89,78.57,0.795
Algeria,120922.0,3207.0,0.73,2.0,1.043458646616542,0.05610833851546148,0.0,0.0,0.0,0.0,0.0,0.0,0.0,0.0,0.0,0.0,0.0,0.0,0.0,0.0,0.0,0.0,0.0,0.0,0.0,0.0,0.0,0.0,0.0,0.0,0.0,0.0,0.0,0.0,0.0,0.0,0.0,75000.0,43851043.0,29.1,6.211,3.857,13913.839,278.364,6.73,0.7,30.4,83.741,1.9,76.88,0.748
Andorra,13060.0,124.0,0.09,1.69,0.9579648241206017,0.165384551526477,0.0,0.0,0.0,0.0,0.0,0.0,0.0,0.0,0.0,0.0,0.0,0.0,0.0,0.0,0.0,0.0,0.0,0.0,0.0,0.0,177079.0,0.064,0.157,0.0921588785046729,0.00043667569220019254,6.4,15.6,11.356074766355139,5.3925565551576575,21733.0,4681.0,26414.0,77265.0,0.0,0.0,0.0,0.0,109.135,7.97,29.0,37.8,0.0,0.0,83.73,0.868
Angola,25609.0,579.0,0.86,1.32,1.0790251572327045,0.01661068490170486,0.0,0.0,0.0,0.0,0.0,0.0,0.0,0.0,0.0,0.0,0.0,0.0,0.0,0.0,0.0,0.0,0.0,0.0,0.0,0.0,0.0,0.0,0.0,0.0,0.0,0.0,0.0,0.0,0.0,456349.0,0.0,456349.0,32866268.0,16.8,2.405,1.362,5819.495,276.045,3.94,0.0,0.0,26.664,0.0,61.15,0.581
Anguilla,0.0,0.0,0.0,0.0,0.0,0.0,0.0,0.0,0.0,0.0,0.0,0.0,0.0,0.0,0.0,0.0,0.0,0.0,0.0,0.0,0.0,0.0,0.0,0.0,0.0,0.0,0.0,0.0,0.0,0.0,0.0,0.0,0.0,0.0,0.0,6115.0,783.0,6898.0,15002.0,0.0,0.0,0.0,0.0,0.0,0.0,0.0,0.0,0.0,0.0,81.88,0.0
Antigua and Barbuda,1227.0,31.0,0.35,1.28,0.7599521531100483,0.06774880153842634,0.0,0.0,0.0,0.0,0.0,0.0,0.0,0.0,0.0,0.0,0.0,0.0,0.0,0.0,0.0,0.0,0.0,0.0,0.0,0.0,0.0,0.0,0.0,0.0,0.0,0.0,0.0,0.0,0.0,29754.0,0.0,29754.0,97928.0,32.1,6.933,4.631,21490.943,191.511,13.17,0.0,0.0,0.0,3.8,77.02,0.778
Argentina,2860884.0,61644.0,0.86,2.17,1.1391999999999995,0.041288359999999955,0.0,0.0,0.0,0.0,0.0,0.0,0.0,0.0,0.0,0.0,0.0,0.0,0.0,0.0,0.0,0.0,1.0,64066.0,19031.09977324263,203212805.16011348,8392715.0,0.012,0.439,0.21960229885057464,0.0122895912590831,2.3,83.3,7.427356321839086,107.73968841326447,6263849.0,871100.0,7134949.0,45195777.0,31.9,11.198,7.441,18933.907,191.032,5.5,16.2,27.7,0.0,5.0,76.67,0.845
Armenia,213288.0,4018.0,0.63,1.6,1.0800748129675815,0.05838278742047619,0.0,0.0,0.0,0.0,0.0,0.0,0.0,0.0,0.0,0.0,0.0,0.0,0.0,0.0,0.0,0.0,117.0,6354.0,2830.2229299363057,2051247.0394742186,963225.0,0.049,0.504,0.20393596059113303,0.013284813632944254,2.0,20.4,7.064039408866998,21.24461816593461,565.0,0.0,565.0,2963234.0,35.7,11.232,7.571,8787.58,341.01,7.11,1.5,52.1,94.043,4.2,75.09,0.776
Aruba,0.0,0.0,0.0,0.0,0.0,0.0,0.0,0.0,0.0,0.0,0.0,0.0,0.0,0.0,0.0,0.0,0.0,0.0,0.0,0.0,0.0,0.0,0.0,0.0,0.0,0.0,0.0,0.0,0.0,0.0,0.0,0.0,0.0,0.0,0.0,53161.0,19942.0,73103.0,106766.0,41.2,13.085,7.452,35973.781,0.0,11.62,0.0,0.0,0.0,0.0,76.29,0.0
Asia,37055035.0,495069.0,0.0,0.0,0.0,0.0,0.0,0.0,0.0,0.0,0.0,0.0,0.0,0.0,0.0,0.0,0.0,0.0,0.0,0.0,0.0,0.0,0.0,0.0,0.0,0.0,0.0,0.0,0.0,0.0,0.0,0.0,0.0,0.0,0.0,182625578.0,53043445.0,472107397.0,4639847425.0,0.0,0.0,0.0,0.0,0.0,0.0,0.0,0.0,0.0,0.0,0.0,0.0
Australia,29680.0,910.0,0.38,2.43,1.0354878048780491,0.17223207911957175,0.0,0.0,0.0,0.0,0.0,0.0,0.0,0.0,0.0,0.0,0.0,0.0,0.0,0.0,0.0,0.0,4357.0,101274.0,41348.0564516129,406208855.2064908,16522373.0,0.001,0.038,0.0020076726342711008,2.4432166194622394e-05,26.4,15342.2,2743.1404092071625,6510675.533354305,159294.0,0.0,1934077.0,25499881.0,37.9,15.504,10.129,44648.71,107.791,5.07,13.0,16.5,0.0,3.84,83.44,0.944
Austria,608979.0,10087.0,0.44,3.13,1.106189320388348,0.1615153330898296,6.0,709.0,235.33420365535247,44945.50710687235,52.0,3985.0,1057.3707571801567,1120000.3690665276,0.0,0.0,0.0,0.0,0.0,0.0,0.0,0.0,2376.0,2945871.0,79142.7797927461,34160070621.855644,30489054.0,0.004,0.247,0.05687313432835818,0.004313834651370015,4.1,249.1,64.83171641791043,3992.8709716807753,2045677.0,781936.0,2827613.0,9006400.0,44.4,19.202,13.748,45436.686,145.183,6.35,28.4,30.9,0.0,7.37,81.54,0.922
Azerbaijan,313006.0,4371.0,0.41,1.86,1.0967258883248725,0.10836263044654593,0.0,0.0,0.0,0.0,0.0,0.0,0.0,0.0,0.0,0.0,0.0,0.0,0.0,0.0,0.0,0.0,0.0,0.0,0.0,0.0,0.0,0.0,0.0,0.0,0.0,0.0,0.0,0.0,0.0,939098.0,484197.0,1423295.0,10139175.0,32.4,6.018,3.871,15847.419,559.812,7.11,0.3,42.5,83.241,4.7,73.0,0.756
Bahamas,10050.0,196.0,0.19,2.2,1.0269345238095238,0.14903851952239225,0.0,0.0,0.0,0.0,0.0,0.0,0.0,0.0,0.0,0.0,0.0,0.0,0.0,0.0,0.0,0.0,0.0,0.0,0.0,0.0,0.0,0.0,0.0,0.0,0.0,0.0,0.0,0.0,0.0,21907.0,0.0,21907.0,393248.0,34.3,8.996,5.2,27717.847,235.954,13.17,3.1,20.4,0.0,2.9,73.92,0.814
Bahrain,171370.0,624.0,0.86,1.48,1.0846097560975607,0.020163384295062488,0.0,0.0,0.0,0.0,0.0,0.0,0.0,0.0,0.0,0.0,0.0,0.0,0.0,0.0,0.0,0.0,232.0,23177.0,10143.776025236593,18690871.574440993,3997605.0,0.009,0.079,0.04028048780487802,0.00028899693634741196,12.6,110.9,31.566585365853683,326.8938834622249,659990.0,520745.0,1180735.0,1701583.0,32.4,2.372,1.387,43290.705,151.689,16.52,5.8,37.6,0.0,2.0,77.29,0.852
Bangladesh,745322.0,11053.0,0.79,2.8,1.1118015665796352,0.12088004417509111,0.0,0.0,0.0,0.0,0.0,0.0,0.0,0.0,0.0,0.0,0.0,0.0,0.0,0.0,0.0,0.0,3.0,34968.0,12817.906474820144,44086077.499646395,5345067.0,0.009,0.243,0.1287383863080684,0.004365826423801863,4.1,113.1,12.750366748166261,174.4867052444687,5798880.0,2155296.0,7954176.0,164689383.0,27.5,5.098,3.262,3523.984,298.003,8.38,1.0,44.7,34.808,0.8,72.59,0.632
Barbados,3824.0,44.0,0.45,1.2,0.8948780487804879,0.03949885272371883,0.0,0.0,0.0,0.0,0.0,0.0,0.0,0.0,0.0,0.0,0.0,0.0,0.0,0.0,0.0,0.0,0.0,0.0,0.0,0.0,0.0,0.0,0.0,0.0,0.0,0.0,0.0,0.0,0.0,71881.0,0.0,71881.0,287371.0,39.8,14.952,9.473,16978.068,170.05,13.57,1.9,14.5,88.469,5.8,79.19,0.814
Belarus,352950.0,2493.0,0.66,2.66,1.0902564102564112,0.1046255752794215,0.0,0.0,0.0,0.0,0.0,0.0,0.0,0.0,0.0,0.0,0.0,0.0,0.0,0.0,0.0,0.0,1000.0,21452.0,9494.307692307691,20334565.328402363,5723427.0,0.001,0.122,0.056577669902912624,0.0011326565887454032,8.2,1424.2,41.391019417475725,8832.419458184077,244000.0,84500.0,328500.0,9449321.0,40.3,14.799,9.788,17167.967,443.129,5.18,10.5,46.1,0.0,11.0,74.79,0.823
Belgium,974418.0,24024.0,0.62,2.77,1.1262077294685988,0.16620856554412022,23.0,1474.0,466.935,162997.80077500013,130.0,7461.0,2171.675,3452604.319374999,0.0,0.0,0.0,0.0,70.408,4759.588,1172.2255862068967,1241160.1666810703,82.0,87170.0,29259.340476190475,396122428.981695,12288923.0,0.009,0.327,0.08345652173913047,0.005711320573408949,3.1,111.1,26.325120772946914,689.7665670143973,2682515.0,749333.0,3431848.0,11589616.0,41.8,18.571,12.849,42658.576,114.898,4.29,25.1,31.4,0.0,5.64,81.63,0.931
Belize,12599.0,321.0,0.6,1.41,0.9324904214559393,0.04325701619177633,0.0,0.0,0.0,0.0,0.0,0.0,0.0,0.0,0.0,0.0,0.0,0.0,0.0,0.0,0.0,0.0,0.0,0.0,0.0,0.0,0.0,0.0,0.0,0.0,0.0,0.0,0.0,0.0,0.0,39330.0,0.0,39330.0,397621.0,25.0,3.853,2.279,7824.362,176.957,17.11,0.0,0.0,90.083,1.3,74.62,0.716
Benin,7720.0,97.0,0.86,1.11,0.9608522727272742,0.004374273631198359,0.0,0.0,0.0,0.0,0.0,0.0,0.0,0.0,0.0,0.0,0.0,0.0,0.0,0.0,0.0,0.0,0.0,0.0,0.0,0.0,0.0,0.0,0.0,0.0,0.0,0.0,0.0,0.0,0.0,0.0,0.0,0.0,12123198.0,18.8,3.244,1.942,2064.236,235.848,0.99,0.6,12.3,11.035,0.5,61.77,0.545
Bermuda,0.0,0.0,0.0,0.0,0.0,0.0,0.0,0.0,0.0,0.0,0.0,0.0,0.0,0.0,0.0,0.0,0.0,0.0,0.0,0.0,0.0,0.0,0.0,0.0,0.0,0.0,0.0,0.0,0.0,0.0,0.0,0.0,0.0,0.0,0.0,30094.0,22243.0,52337.0,62273.0,0.0,0.0,0.0,50669.315,139.547,13.0,0.0,0.0,0.0,0.0,82.59,0.0
Bhutan,1022.0,1.0,0.25,1.49,0.8018283582089551,0.09015747800178214,0.0,0.0,0.0,0.0,0.0,0.0,0.0,0.0,0.0,0.0,0.0,0.0,0.0,0.0,0.0,0.0,2.0,15058.0,1679.6317204301076,4797137.953079836,691560.0,0.001,0.012,0.00218622448979592,5.273993908788022e-06,83.6,18720.3,2102.899438202247,15211783.03910081,479686.0,0.0,479686.0,771612.0,28.6,4.885,2.977,8708.597,217.066,9.75,0.0,0.0,79.807,1.7,71.78,0.654
Bolivia,297659.0,12824.0,0.71,1.58,1.0953727506426745,0.05902588933459347,0.0,0.0,0.0,0.0,0.0,0.0,0.0,0.0,0.0,0.0,0.0,0.0,0.0,0.0,0.0,0.0,1.0,13347.0,2797.091644204852,6296556.670846621,1100754.0,0.06,0.636,0.2893634085213035,0.02549854713224159,1.6,16.8,4.924812030075192,9.035449526070797,465823.0,190790.0,656613.0,11673029.0,25.4,6.704,4.393,6885.829,204.299,6.89,0.0,0.0,25.383,1.1,71.51,0.718
Bosnia and Herzegovina,194733.0,8203.0,0.84,1.6,1.1294723618090454,0.04207132963814045,0.0,0.0,0.0,0.0,0.0,0.0,0.0,0.0,0.0,0.0,0.0,0.0,0.0,0.0,0.0,0.0,-75493.0,16699.0,2179.7617328519855,24658474.607488696,887506.0,0.011,0.742,0.17894708994709002,0.013137415189944286,1.3,87.4,11.781481481481485,229.43526553008022,0.0,0.0,15000.0,3280815.0,42.5,16.569,10.711,11713.895,329.635,10.08,30.2,47.7,97.164,3.5,77.4,0.78
Botswana,45855.0,691.0,0.83,1.31,1.0583277591973241,0.022486166821400207,0.0,0.0,0.0,0.0,0.0,0.0,0.0,0.0,0.0,0.0,0.0,0.0,0.0,0.0,0.0,0.0,0.0,0.0,0.0,0.0,0.0,0.0,0.0,0.0,0.0,0.0,0.0,0.0,0.0,41612.0,0.0,41612.0,2351625.0,25.8,3.941,2.242,15807.374,237.372,4.81,5.7,34.4,0.0,1.8,69.59,0.735
Brazil,14340787.0,390797.0,0.9,2.7,1.1656511056511059,0.10538182421867864,0.0,0.0,0.0,0.0,0.0,0.0,0.0,0.0,0.0,0.0,0.0,0.0,0.0,0.0,0.0,0.0,0.0,0.0,0.0,0.0,6421441.0,0.0,0.0,0.0,0.0,0.0,0.0,0.0,0.0,26873143.0,11153970.0,38027113.0,212559409.0,33.5,8.552,5.06,14103.452,177.961,8.11,10.1,17.9,0.0,2.2,75.88,0.765
Brunei,223.0,3.0,0.01,0.82,0.20487373737373715,0.07899316587593105,0.0,0.0,0.0,0.0,0.0,0.0,0.0,0.0,0.0,0.0,0.0,0.0,0.0,0.0,0.0,0.0,0.0,0.0,0.0,0.0,0.0,0.0,0.0,0.0,0.0,0.0,0.0,0.0,0.0,2323.0,0.0,2323.0,437483.0,32.4,4.591,2.382,71809.251,201.285,12.79,2.0,30.9,0.0,2.7,75.86,0.838
Bulgaria,397500.0,15907.0,0.61,1.78,1.1057249999999998,0.06340397437499994,8.0,813.0,229.58201058201058,56284.08454410571,132.0,10649.0,2921.60582010582,8971318.857849726,0.0,0.0,0.0,0.0,0.0,0.0,0.0,0.0,295.0,20611.0,6596.175675675676,22796049.246165093,2441727.0,0.012,0.406,0.12608579088471855,0.012585772800782014,2.5,85.0,17.323324396782848,224.07524685723342,559274.0,163966.0,723240.0,6948445.0,44.7,20.801,13.272,18563.307,424.688,5.81,30.1,44.4,0.0,7.454,75.05,0.816
Burkina Faso,13263.0,156.0,0.73,1.44,1.0087373737373742,0.02261759769411286,0.0,0.0,0.0,0.0,0.0,0.0,0.0,0.0,0.0,0.0,0.0,0.0,0.0,0.0,0.0,0.0,0.0,0.0,0.0,0.0,0.0,0.0,0.0,0.0,0.0,0.0,0.0,0.0,0.0,0.0,0.0,0.0,20903278.0,17.6,2.409,1.358,1703.102,269.048,2.42,1.6,23.9,11.877,0.4,61.58,0.452
Burundi,3853.0,6.0,0.6,1.25,0.9353846153846164,0.04062805719921099,0.0,0.0,0.0,0.0,0.0,0.0,0.0,0.0,0.0,0.0,0.0,0.0,0.0,0.0,0.0,0.0,0.0,0.0,0.0,0.0,0.0,0.0,0.0,0.0,0.0,0.0,0.0,0.0,0.0,0.0,0.0,0.0,11890781.0,17.5,2.562,1.504,702.225,293.068,6.05,0.0,0.0,6.144,0.8,61.58,0.433
Cambodia,9975.0,74.0,0.03,1.67,0.6171099744245523,0.22756121296956447,0.0,0.0,0.0,0.0,0.0,0.0,0.0,0.0,0.0,0.0,0.0,0.0,0.0,0.0,0.0,0.0,0.0,0.0,0.0,0.0,0.0,0.0,0.0,0.0,0.0,0.0,0.0,0.0,0.0,1295660.0,732308.0,2027968.0,16718971.0,25.6,4.412,2.385,3645.07,270.892,4.0,2.0,33.7,66.229,0.8,69.82,0.594
Cameroon,65998.0,991.0,0.34,1.51,0.8459335038363184,0.1020916477521732,0.0,0.0,0.0,0.0,0.0,0.0,0.0,0.0,0.0,0.0,0.0,0.0,0.0,0.0,0.0,0.0,0.0,0.0,0.0,0.0,0.0,0.0,0.0,0.0,0.0,0.0,0.0,0.0,0.0,400.0,0.0,400.0,26545864.0,18.8,3.165,1.919,3364.926,244.661,7.2,0.0,0.0,2.735,1.3,59.29,0.563
Canada,1186991.0,23950.0,0.72,2.85,1.1333496332518334,0.13685259413800707,1.0,1405.0,406.85956416464893,99187.3119969046,4.0,4879.0,1880.6271186440679,1813463.4105962985,0.0,0.0,0.0,0.0,0.0,0.0,0.0,0.0,18.0,160320.0,73701.11004784689,1692180856.6816695,30809196.0,0.006,0.14,0.03667342342342343,0.0006794496540459364,7.1,181.7,50.10907029478463,1867.8193735120647,11026753.0,1018288.0,12045041.0,37742157.0,41.4,16.984,10.797,44017.591,105.599,7.37,12.0,16.6,0.0,2.5,82.43,0.929
Cape Verde,22349.0,203.0,0.89,1.38,1.0814325068870518,0.015444779879941419,0.0,0.0,0.0,0.0,0.0,0.0,0.0,0.0,0.0,0.0,0.0,0.0,0.0,0.0,0.0,0.0,50.0,1854.0,442.81949458483757,64012.12626256049,0.0,0.071,0.216,0.14702484472049676,0.0008186577678330315,4.6,14.1,7.096273291925466,2.4850792793487906,2184.0,0.0,2184.0,555988.0,25.7,4.46,3.437,6222.554,182.219,2.42,2.1,16.5,0.0,2.1,72.98,0.665
Cayman Islands,0.0,0.0,0.0,0.0,0.0,0.0,0.0,0.0,0.0,0.0,0.0,0.0,0.0,0.0,0.0,0.0,0.0,0.0,0.0,0.0,0.0,0.0,0.0,0.0,0.0,0.0,0.0,0.0,0.0,0.0,0.0,0.0,0.0,0.0,0.0,34786.0,28988.0,63774.0,65720.0,0.0,0.0,0.0,49903.029,0.0,13.22,0.0,0.0,0.0,0.0,83.92,0.0
Central African Republic,6224.0,85.0,0.17,1.52,0.6316809116809117,0.1222493112880577,0.0,0.0,0.0,0.0,0.0,0.0,0.0,0.0,0.0,0.0,0.0,0.0,0.0,0.0,0.0,0.0,0.0,0.0,0.0,0.0,0.0,0.0,0.0,0.0,0.0,0.0,0.0,0.0,0.0,0.0,0.0,0.0,4829764.0,18.3,3.655,2.251,661.24,435.727,6.1,0.0,0.0,16.603,1.0,53.28,0.397
Chad,4770.0,169.0,0.51,1.37,0.9714005602240919,0.04269551742265532,0.0,0.0,0.0,0.0,0.0,0.0,0.0,0.0,0.0,0.0,0.0,0.0,0.0,0.0,0.0,0.0,0.0,0.0,0.0,0.0,0.0,0.0,0.0,0.0,0.0,0.0,0.0,0.0,0.0,0.0,0.0,0.0,16425859.0,16.7,2.486,1.446,1768.153,280.995,6.1,0.0,0.0,5.818,0.0,54.24,0.398
Chile,1169536.0,25856.0,0.8,2.86,1.1234320987654316,0.09765661575979273,0.0,0.0,0.0,0.0,0.0,0.0,0.0,0.0,0.0,0.0,0.0,0.0,0.0,0.0,0.0,0.0,2759.0,79262.0,33356.708661417324,354178540.02273333,12777259.0,0.043,0.364,0.11754959785522802,0.007301346735763223,2.7,23.3,12.057908847184988,33.41846962171804,7953379.0,6178113.0,14131492.0,19116209.0,35.4,11.087,6.938,22767.037,127.993,8.46,34.2,41.5,0.0,2.11,80.18,0.851
China,102384.0,4845.0,0.19,3.45,1.002139737991266,0.2578700940104116,0.0,0.0,0.0,0.0,0.0,0.0,0.0,0.0,0.0,0.0,0.0,0.0,0.0,0.0,0.0,0.0,0.0,0.0,0.0,0.0,160000000.0,0.0,0.0,0.0,0.0,0.0,0.0,0.0,0.0,0.0,0.0,224901000.0,1439323774.0,38.7,10.641,5.929,15308.712,261.899,9.74,1.9,48.4,0.0,4.34,76.91,0.761
Colombia,2774464.0,71351.0,0.68,2.22,1.1344278606965168,0.058754523402886144,0.0,0.0,0.0,0.0,0.0,0.0,0.0,0.0,0.0,0.0,0.0,0.0,0.0,0.0,0.0,0.0,10885.0,98756.0,43049.65230769231,297419553.2175716,14358523.0,0.098,0.332,0.21804687499999983,0.0034944071777343747,3.0,10.2,5.031562499999995,3.0660975585937518,3008636.0,1391979.0,4400615.0,50882884.0,32.2,7.646,4.312,13254.949,124.24,7.44,4.7,13.5,65.386,1.71,77.29,0.767
Comoros,3829.0,146.0,0.6,1.23,0.8119452887537996,0.023500167219445516,0.0,0.0,0.0,0.0,0.0,0.0,0.0,0.0,0.0,0.0,0.0,0.0,0.0,0.0,0.0,0.0,0.0,0.0,0.0,0.0,0.0,0.0,0.0,0.0,0.0,0.0,0.0,0.0,0.0,0.0,0.0,0.0,869595.0,20.4,2.963,1.726,1413.89,261.516,11.88,4.4,23.6,15.574,2.2,64.32,0.554
Congo,10678.0,144.0,0.19,0.95,0.5445454545454546,0.049287360233349564,0.0,0.0,0.0,0.0,0.0,0.0,0.0,0.0,0.0,0.0,0.0,0.0,0.0,0.0,0.0,0.0,0.0,0.0,0.0,0.0,0.0,0.0,0.0,0.0,0.0,0.0,0.0,0.0,0.0,14297.0,0.0,14297.0,5518092.0,19.0,3.402,2.063,4881.406,344.094,7.2,1.7,52.3,47.964,0.0,64.57,0.574
Costa Rica,238760.0,3143.0,0.74,1.53,1.1244611528822064,0.03577709059616465,0.0,0.0,0.0,0.0,0.0,0.0,0.0,0.0,0.0,0.0,0.0,0.0,0.0,0.0,0.0,0.0,1.0,6600.0,1876.2348668280872,1707745.4194138437,774885.0,0.022,0.426,0.2225159705159703,0.016235974560667433,2.3,45.5,8.17493857493858,67.91283629843836,450593.0,247734.0,698327.0,5094114.0,33.6,9.468,5.694,15524.995,137.973,8.78,6.4,17.4,83.841,1.13,80.28,0.81
Cote d'Ivoire,45852.0,282.0,0.57,1.48,1.0669465648854952,0.04759983683934505,0.0,0.0,0.0,0.0,0.0,0.0,0.0,0.0,0.0,0.0,0.0,0.0,0.0,0.0,0.0,0.0,68.0,5774.0,1566.1536312849162,1282352.962430948,583627.0,0.015,0.295,0.08199729729729724,0.003790970262965665,3.4,65.2,20.594864864864878,213.41800065741415,117227.0,0.0,117227.0,26378275.0,18.7,2.933,1.582,3601.006,303.74,2.42,0.0,0.0,19.351,0.0,57.78,0.538
Croatia,322626.0,6854.0,0.13,3.35,1.117231920199501,0.2616170260135196,0.0,0.0,0.0,0.0,4.0,2976.0,883.0623306233063,754717.2020769531,0.0,0.0,0.0,0.0,3.035,2361.091,649.6616603773583,459170.3631642243,8.0,12596.0,4124.010958904109,12116420.761523735,1759208.0,0.001,0.363,0.12120873786407785,0.009949655457630326,2.8,2797.2,95.2953883495146,126933.90296416955,627216.0,168381.0,795597.0,4105268.0,44.0,19.724,13.053,22669.797,253.782,5.59,34.3,39.9,0.0,5.54,78.49,0.851
Cuba,101503.0,591.0,0.55,2.22,1.0939540816326532,0.06715400809558504,0.0,0.0,0.0,0.0,0.0,0.0,0.0,0.0,0.0,0.0,0.0,0.0,0.0,0.0,0.0,0.0,107.0,22587.0,8837.791457286432,44289182.838419504,3517959.0,0.001,0.077,0.019512755102040792,0.0003126426944502301,13.0,1177.4,144.03494897959177,30265.43354897702,0.0,0.0,0.0,11326616.0,43.1,14.738,9.719,0.0,190.968,8.27,17.1,53.3,85.198,5.2,78.8,0.783
Curacao,0.0,0.0,0.0,0.0,0.0,0.0,0.0,0.0,0.0,0.0,0.0,0.0,0.0,0.0,0.0,0.0,0.0,0.0,0.0,0.0,0.0,0.0,0.0,0.0,0.0,0.0,0.0,0.0,0.0,0.0,0.0,0.0,0.0,0.0,0.0,68206.0,16510.0,84716.0,164100.0,41.7,16.367,10.068,0.0,0.0,11.62,0.0,0.0,0.0,0.0,78.88,0.0
Cyprus,62349.0,298.0,0.61,1.85,1.1062468513853918,0.08175543528605596,1.0,39.0,10.608374384236454,133.25795942633897,2.0,271.0,66.42610837438424,5458.59921983062,0.986,26.632,8.49231707317073,62.97483470434265,0.986,173.601,48.63805172413793,2869.7624478076696,400.0,69068.0,12729.055979643766,291188031.63554305,5008436.0,0.001,0.06,0.013483204134366895,0.00023364506673610727,16.7,2130.5,306.97493540051676,131084.03231750222,176082.0,60183.0,236265.0,875899.0,37.3,13.416,8.563,32415.132,141.171,9.24,19.6,52.7,0.0,3.4,80.98,0.887
Czechia,1619383.0,28962.0,0.64,2.49,1.1096560196560208,0.10681806349570491,2.0,2064.0,538.2946859903382,365267.71509253443,2.0,9464.0,3008.915458937198,10077674.289954253,14.02,2988.198,956.7650526315789,963526.4557578043,8.011,14510.383,5055.72248275862,26985695.203837667,4537.0,374119.0,68392.77637130802,4781754651.152524,0.0,0.015,0.321,0.1402900432900434,0.006213539251513283,3.1,66.7,12.519480519480517,187.88208804182833,1876948.0,945820.0,2822491.0,10708982.0,43.3,19.027,11.58,32605.906,227.485,6.82,30.5,38.3,0.0,6.63,79.38,0.9
Democratic Republic of Congo,29576.0,756.0,0.94,1.26,1.0777835051546374,0.009535808800085047,0.0,0.0,0.0,0.0,0.0,0.0,0.0,0.0,0.0,0.0,0.0,0.0,0.0,0.0,0.0,0.0,36.0,1217.0,375.3828571428571,46016.413420408135,0.0,0.053,0.452,0.19466181818181824,0.008103467451239672,2.2,19.0,6.546181818181817,11.829685421487596,0.0,0.0,0.0,89561404.0,17.0,3.02,1.745,808.133,318.949,6.1,0.0,0.0,4.472,0.0,60.68,0.48
Denmark,248316.0,2476.0,0.67,2.09,1.0785121951219514,0.06775120107079119,1.0,141.0,38.002985074626864,1461.4358119848516,9.0,964.0,231.14285714285714,60419.94982993194,0.0,0.0,0.0,0.0,0.995,993.757,218.2485666666667,56474.99935287889,1.0,208205.0,57636.13033175356,3009889874.009082,24322447.0,0.001,0.195,0.018071078431372487,0.0008537817125624777,5.1,964.0,191.08774509803936,29408.3707321703,1207341.0,573551.0,1780892.0,5792203.0,42.3,19.677,12.325,46682.515,114.767,6.41,19.3,18.8,0.0,2.5,80.9,0.94
Djibouti,10802.0,136.0,0.34,1.94,1.0548031496063002,0.13573729720792768,0.0,0.0,0.0,0.0,0.0,0.0,0.0,0.0,0.0,0.0,0.0,0.0,0.0,0.0,0.0,0.0,0.0,0.0,0.0,0.0,0.0,0.0,0.0,0.0,0.0,0.0,0.0,0.0,0.0,10246.0,0.0,10246.0,988002.0,25.4,4.213,2.38,2705.406,258.037,6.05,1.7,24.5,0.0,1.4,67.11,0.524
Dominica,173.0,0.0,0.09,0.29,0.16120370370370385,0.002060588134430727,0.0,0.0,0.0,0.0,0.0,0.0,0.0,0.0,0.0,0.0,0.0,0.0,0.0,0.0,0.0,0.0,0.0,0.0,0.0,0.0,0.0,0.0,0.0,0.0,0.0,0.0,0.0,0.0,0.0,18237.0,4818.0,23055.0,71991.0,0.0,0.0,0.0,9673.367,227.376,11.62,0.0,0.0,0.0,3.8,75.0,0.742
Dominican Republic,264863.0,3454.0,0.8,2.32,1.0763659147869686,0.04779155532942632,0.0,0.0,0.0,0.0,0.0,0.0,0.0,0.0,0.0,0.0,0.0,0.0,0.0,0.0,0.0,0.0,134.0,11329.0,3462.434017595308,3888278.920133125,1378669.0,0.084,0.404,0.197420918367347,0.004845493746095377,2.5,12.0,5.6859693877551045,3.56942048885881,909898.0,600000.0,1509898.0,10847904.0,27.6,6.981,4.419,14600.861,266.653,8.2,8.5,19.1,55.182,1.6,74.08,0.756
Ecuador,373362.0,18177.0,0.91,2.76,1.112189054726368,0.06640117818865851,0.0,0.0,0.0,0.0,0.0,0.0,0.0,0.0,0.0,0.0,0.0,0.0,0.0,0.0,0.0,0.0,-3743.0,13171.0,3018.1176470588234,5136130.646005716,1199803.0,0.17,0.407,0.27437837837837836,0.0032762261991721438,2.5,5.9,3.804504504504505,0.6050247544842142,532367.0,200350.0,732717.0,17643060.0,28.1,7.104,4.458,10581.936,140.448,5.55,2.0,12.3,80.635,1.5,77.01,0.759
Egypt,222523.0,13049.0,0.45,1.72,1.0767241379310328,0.053985574146424395,0.0,0.0,0.0,0.0,0.0,0.0,0.0,0.0,0.0,0.0,0.0,0.0,0.0,0.0,0.0,0.0,0.0,0.0,0.0,0.0,0.0,0.0,0.0,0.0,0.0,0.0,0.0,0.0,0.0,660000.0,0.0,660000.0,102334403.0,25.3,5.159,2.891,10550.206,525.432,17.31,0.2,50.1,89.827,1.6,71.99,0.707
El Salvador,68468.0,2103.0,0.33,1.73,1.0346315789473688,0.049230127423822705,0.0,0.0,0.0,0.0,0.0,0.0,0.0,0.0,0.0,0.0,0.0,0.0,0.0,0.0,0.0,0.0,405.0,5498.0,2373.840425531915,206802.650067904,892564.0,0.011,0.175,0.07430585106382982,0.0015193718806586656,5.7,90.4,19.175000000000008,216.3680984042554,674495.0,24074.0,698569.0,6486201.0,27.6,8.273,5.417,7292.458,167.295,8.87,2.5,18.8,90.65,1.3,73.32,0.673
Equatorial Guinea,7559.0,107.0,0.1,1.37,0.6786301369863017,0.11785565772189908,0.0,0.0,0.0,0.0,0.0,0.0,0.0,0.0,0.0,0.0,0.0,0.0,0.0,0.0,0.0,0.0,0.0,0.0,0.0,0.0,0.0,0.0,0.0,0.0,0.0,0.0,0.0,0.0,0.0,47410.0,8389.0,55799.0,1402985.0,22.4,2.846,1.752,22604.873,202.812,7.78,0.0,0.0,24.64,2.1,58.74,0.592
Eritrea,3605.0,10.0,0.29,1.25,0.7781469648562302,0.11748282824158635,0.0,0.0,0.0,0.0,0.0,0.0,0.0,0.0,0.0,0.0,0.0,0.0,0.0,0.0,0.0,0.0,0.0,0.0,0.0,0.0,0.0,0.0,0.0,0.0,0.0,0.0,0.0,0.0,0.0,0.0,0.0,0.0,3546427.0,19.3,3.607,2.171,1510.459,311.11,6.05,0.2,11.4,0.0,0.7,66.32,0.459
Estonia,120215.0,1143.0,0.42,1.93,1.079137931034482,0.0818645277730592,1.0,76.0,18.624401913875598,494.82304091023474,1.0,737.0,190.854415274463,52617.42271916881,0.998,56.895,17.44513636363636,301.05371648140505,1.996,542.004,131.89096666666666,27550.848992798892,8.0,9448.0,2983.1674528301887,5129110.059223697,1264876.0,0.001,0.208,0.059270334928229626,0.0038126230912753833,4.8,1053.4,105.42655502392341,30859.01568239049,311398.0,99087.0,410485.0,1326539.0,42.7,19.452,13.491,29481.252,255.569,4.02,24.5,39.3,0.0,4.69,78.74,0.892
Eswatini,18442.0,671.0,0.15,1.81,0.9680779944289692,0.10844170979430648,0.0,0.0,0.0,0.0,0.0,0.0,0.0,0.0,0.0,0.0,0.0,0.0,0.0,0.0,0.0,0.0,0.0,0.0,0.0,0.0,0.0,0.0,0.0,0.0,0.0,0.0,0.0,0.0,0.0,34897.0,0.0,34897.0,1160164.0,21.5,3.163,1.845,7738.975,333.436,3.94,1.7,16.5,24.097,2.1,60.19,0.611
Ethiopia,252279.0,3551.0,0.22,2.29,1.0834770889487872,0.10448305810042052,0.0,0.0,0.0,0.0,0.0,0.0,0.0,0.0,0.0,0.0,0.0,0.0,0.0,0.0,0.0,0.0,61.0,25158.0,6504.040816326531,20117947.187109552,2550394.0,0.045,0.257,0.08575870646766172,0.004175148245092942,3.9,724.0,41.66025000000001,8703.2629949375,0.0,0.0,430000.0,114963583.0,19.8,3.526,2.063,1729.927,182.634,7.47,0.4,8.5,7.96,0.3,66.6,0.485
Europe,44172973.0,1000690.0,0.0,0.0,0.0,0.0,0.0,0.0,0.0,0.0,0.0,0.0,0.0,0.0,0.0,0.0,0.0,0.0,0.0,0.0,0.0,0.0,0.0,0.0,0.0,0.0,0.0,0.0,0.0,0.0,0.0,0.0,0.0,0.0,0.0,146365550.0,57081402.0,204390945.0,748680069.0,0.0,0.0,0.0,0.0,0.0,0.0,0.0,0.0,0.0,0.0,0.0,0.0
European Union,30219817.0,677510.0,0.0,0.0,0.0,0.0,0.0,0.0,0.0,0.0,0.0,0.0,0.0,0.0,0.0,0.0,0.0,0.0,0.0,0.0,0.0,0.0,0.0,0.0,0.0,0.0,0.0,0.0,0.0,0.0,0.0,0.0,0.0,0.0,0.0,95423933.0,34996120.0,130955710.0,444919060.0,0.0,0.0,0.0,0.0,0.0,0.0,0.0,0.0,0.0,0.0,0.0,0.0
Faeroe Islands,0.0,0.0,0.0,0.0,0.0,0.0,0.0,0.0,0.0,0.0,0.0,0.0,0.0,0.0,0.0,0.0,0.0,0.0,0.0,0.0,0.0,0.0,0.0,0.0,0.0,0.0,0.0,0.0,0.0,0.0,0.0,0.0,0.0,0.0,0.0,11751.0,5529.0,17280.0,48865.0,0.0,0.0,0.0,0.0,0.0,0.0,0.0,0.0,0.0,0.0,80.67,0.0
Falkland Islands,0.0,0.0,0.0,0.0,0.0,0.0,0.0,0.0,0.0,0.0,0.0,0.0,0.0,0.0,0.0,0.0,0.0,0.0,0.0,0.0,0.0,0.0,0.0,0.0,0.0,0.0,0.0,0.0,0.0,0.0,0.0,0.0,0.0,0.0,0.0,2632.0,1775.0,4407.0,3483.0,0.0,0.0,0.0,0.0,0.0,0.0,0.0,0.0,0.0,0.0,81.44,0.0
Fiji,91.0,2.0,0.0,0.0,0.0,0.0,0.0,0.0,0.0,0.0,0.0,0.0,0.0,0.0,0.0,0.0,0.0,0.0,0.0,0.0,0.0,0.0,-357.0,674.0,112.67301587301587,15423.915303602927,42492.0,0.0,0.381,0.004061696658097668,0.00043541521665862895,2.6,2035.0,477.5519553072625,196678.81076433315,56000.0,0.0,56000.0,896444.0,28.6,6.224,3.284,8702.975,412.82,14.49,10.2,34.8,0.0,2.3,67.44,0.743
Finland,85804.0,903.0,0.65,1.55,1.067616707616707,0.0434383002613961,1.0,83.0,27.072289156626507,510.68553733004325,3.0,313.0,132.48995983935743,8144.290059837749,0.0,0.0,0.0,0.0,0.0,0.0,0.0,0.0,14.0,28826.0,10399.466824644549,53669468.045107946,4388584.0,0.001,0.118,0.0213028846153846,0.00031465826090976227,8.5,1443.8,149.5264423076924,44654.264445035165,1529600.0,153460.0,1683060.0,5540718.0,42.8,21.228,13.264,40585.721,153.507,5.76,18.3,22.6,0.0,3.28,81.91,0.938
France,5559121.0,103017.0,0.63,3.02,1.1771666666666658,0.18031792460317422,1.0,7019.0,2522.2761904761905,3455290.1475283485,1.0,33466.0,17702.866983372922,108570763.89679593,76.934,4037.019,1287.303275862069,1116431.6426096475,508.17,20232.672,7144.509603448274,29658508.28263083,6518.0,742424.0,214991.75942028986,28775213508.205894,0.0,0.01,0.159,0.05884955752212391,0.0013376912313676358,6.3,100.0,30.056637168141588,675.5606270394454,14032747.0,5504274.0,19535141.0,68147687.0,42.0,19.718,13.079,38605.671,86.06,4.77,30.1,35.6,0.0,5.98,82.66,0.901
Gabon,22433.0,138.0,0.82,1.54,1.154462365591398,0.04019299051913517,0.0,0.0,0.0,0.0,0.0,0.0,0.0,0.0,0.0,0.0,0.0,0.0,0.0,0.0,0.0,0.0,0.0,0.0,0.0,0.0,0.0,0.0,0.0,0.0,0.0,0.0,0.0,0.0,0.0,6895.0,2002.0,8897.0,2225728.0,23.1,4.45,2.976,16562.413,259.967,7.2,0.0,0.0,0.0,6.3,66.47,0.703
Gambia,5857.0,173.0,0.67,1.51,0.9764028776978407,0.06016403912840954,0.0,0.0,0.0,0.0,0.0,0.0,0.0,0.0,0.0,0.0,0.0,0.0,0.0,0.0,0.0,0.0,2.0,1301.0,202.343537414966,44941.76293442545,59489.0,0.003,0.51,0.07053684210526316,0.009498259168975067,2.0,297.7,50.70549450549447,3137.106892887332,20922.0,0.0,20922.0,2416664.0,17.5,2.339,1.417,1561.767,331.43,1.91,0.7,31.2,7.876,1.1,62.05,0.496
Georgia,303751.0,4025.0,0.63,2.37,1.102076923076924,0.09660927613412242,0.0,0.0,0.0,0.0,0.0,0.0,0.0,0.0,0.0,0.0,0.0,0.0,0.0,0.0,0.0,0.0,0.0,0.0,0.0,0.0,0.0,0.0,0.0,0.0,0.0,0.0,0.0,0.0,0.0,36056.0,0.0,36056.0,3989175.0,38.7,14.864,10.244,9745.079,496.218,7.11,5.3,55.5,0.0,2.6,73.77,0.812
Germany,3306692.0,81671.0,0.65,3.12,1.1518615751789967,0.19805285912019094,200.0,5745.0,2184.1291139240507,3151854.8010511147,0.0,0.0,0.0,0.0,0.0,0.0,0.0,0.0,26.193,7635.249,2525.905125,5884950.25068861,0.0,0.0,0.0,0.0,53992148.0,0.006,0.154,0.056258620689655196,0.0017596744946492275,6.5,166.7,47.913793103448285,2360.80498216409,19486698.0,5960243.0,25446941.0,83783945.0,46.6,21.453,15.957,45229.245,156.139,8.31,28.2,33.1,0.0,8.0,81.33,0.947
Ghana,92166.0,777.0,0.82,1.56,1.130862944162437,0.039912960911128725,0.0,0.0,0.0,0.0,0.0,0.0,0.0,0.0,0.0,0.0,0.0,0.0,0.0,0.0,0.0,0.0,206.0,12735.0,2757.147909967846,2781149.6179940235,1061121.0,0.006,0.319,0.08312468193384223,0.003834541706323767,3.1,166.1,22.83613231552162,513.756709722951,842521.0,0.0,842521.0,31072945.0,21.1,3.385,1.948,4227.63,298.245,4.97,0.3,7.7,41.047,0.9,64.07,0.611
Gibraltar,0.0,0.0,0.0,0.0,0.0,0.0,0.0,0.0,0.0,0.0,0.0,0.0,0.0,0.0,0.0,0.0,0.0,0.0,0.0,0.0,0.0,0.0,0.0,0.0,0.0,0.0,0.0,0.0,0.0,0.0,0.0,0.0,0.0,0.0,0.0,35973.0,31999.0,67972.0,33691.0,0.0,0.0,0.0,0.0,0.0,0.0,0.0,0.0,0.0,0.0,79.93,0.0
Greece,333129.0,10007.0,0.69,1.58,1.103046683046685,0.04481577914747447,0.0,0.0,0.0,0.0,0.0,0.0,0.0,0.0,1.945,381.193,101.31406779661016,13622.24843284286,7.779,3319.877,877.965530612245,1004048.870795392,-45335.0,130207.0,20488.669444444444,420678622.53795505,7824968.0,0.001,0.105,0.03372262773722626,0.0007464486120730988,9.5,768.2,91.66034063260341,16400.06755122217,2004512.0,817113.0,2821625.0,10423056.0,45.3,20.396,14.524,24574.382,175.695,4.55,35.3,52.0,0.0,4.21,82.24,0.888
Greenland,0.0,0.0,0.0,0.0,0.0,0.0,0.0,0.0,0.0,0.0,0.0,0.0,0.0,0.0,0.0,0.0,0.0,0.0,0.0,0.0,0.0,0.0,0.0,0.0,0.0,0.0,0.0,0.0,0.0,0.0,0.0,0.0,0.0,0.0,0.0,8561.0,4298.0,12859.0,56772.0,0.0,0.0,0.0,0.0,199.941,2.16,0.0,0.0,0.0,0.0,71.7,0.0
Grenada,159.0,1.0,0.0,0.22,0.03567999999999994,0.003411737599999987,0.0,0.0,0.0,0.0,0.0,0.0,0.0,0.0,0.0,0.0,0.0,0.0,0.0,0.0,0.0,0.0,0.0,0.0,0.0,0.0,0.0,0.0,0.0,0.0,0.0,0.0,0.0,0.0,0.0,11779.0,985.0,12764.0,112519.0,29.4,7.304,5.021,13593.877,243.964,10.71,0.0,0.0,0.0,3.7,72.4,0.779
Guatemala,221698.0,7410.0,0.91,1.55,1.1071240105540867,0.02266112182454868,0.0,0.0,0.0,0.0,0.0,0.0,0.0,0.0,0.0,0.0,0.0,0.0,0.0,0.0,0.0,0.0,1.0,12618.0,2824.871670702179,5991043.792248294,1166672.0,0.033,0.513,0.1949292929292932,0.00895982833384347,1.9,30.2,6.564898989898991,15.75773256555458,163431.0,1840.0,165271.0,17915567.0,22.9,4.694,3.016,7423.808,155.898,10.18,0.0,0.0,76.665,0.6,74.3,0.663
Guernsey,0.0,0.0,0.0,0.0,0.0,0.0,0.0,0.0,0.0,0.0,0.0,0.0,0.0,0.0,0.0,0.0,0.0,0.0,0.0,0.0,0.0,0.0,0.0,0.0,0.0,0.0,0.0,0.0,0.0,0.0,0.0,0.0,0.0,0.0,0.0,32969.0,13618.0,46587.0,67052.0,0.0,0.0,0.0,0.0,0.0,0.0,0.0,0.0,0.0,0.0,0.0,0.0
Guinea,21953.0,140.0,1.0,1.29,1.0887532467532453,0.005271172879068965,0.0,0.0,0.0,0.0,0.0,0.0,0.0,0.0,0.0,0.0,0.0,0.0,0.0,0.0,0.0,0.0,0.0,0.0,0.0,0.0,0.0,0.0,0.0,0.0,0.0,0.0,0.0,0.0,0.0,89827.0,39518.0,129345.0,13132792.0,19.0,3.135,1.733,1998.926,336.717,2.42,0.0,0.0,17.45,0.3,61.6,0.477
Guinea-Bissau,3726.0,67.0,0.14,1.25,0.6041944444444438,0.11519490663580244,0.0,0.0,0.0,0.0,0.0,0.0,0.0,0.0,0.0,0.0,0.0,0.0,0.0,0.0,0.0,0.0,0.0,0.0,0.0,0.0,0.0,0.0,0.0,0.0,0.0,0.0,0.0,0.0,0.0,0.0,0.0,0.0,1967998.0,19.4,3.002,1.565,1548.675,382.474,2.42,0.0,0.0,6.403,0.0,58.32,0.48
Guyana,12703.0,284.0,0.51,1.39,1.037249283667621,0.04139816421868469,0.0,0.0,0.0,0.0,0.0,0.0,0.0,0.0,0.0,0.0,0.0,0.0,0.0,0.0,0.0,0.0,0.0,0.0,0.0,0.0,0.0,0.0,0.0,0.0,0.0,0.0,0.0,0.0,0.0,111825.0,1771.0,113596.0,786559.0,26.3,5.305,2.837,7435.047,373.159,11.62,0.0,0.0,77.159,1.6,69.91,0.682
Haiti,12958.0,251.0,0.93,1.41,1.0849858356940503,0.016388172603905,0.0,0.0,0.0,0.0,0.0,0.0,0.0,0.0,0.0,0.0,0.0,0.0,0.0,0.0,0.0,0.0,0.0,0.0,0.0,0.0,0.0,0.0,0.0,0.0,0.0,0.0,0.0,0.0,0.0,0.0,0.0,0.0,11402533.0,24.3,4.8,2.954,1653.173,430.548,6.65,2.9,23.1,22.863,0.7,64.0,0.51
Honduras,206907.0,5141.0,0.97,1.45,1.108158567774936,0.01572448636521225,0.0,0.0,0.0,0.0,0.0,0.0,0.0,0.0,0.0,0.0,0.0,0.0,0.0,0.0,0.0,0.0,0.0,0.0,0.0,0.0,0.0,0.0,0.0,0.0,0.0,0.0,0.0,0.0,0.0,55000.0,2639.0,57639.0,9904608.0,24.9,4.652,2.883,4541.795,240.208,7.21,2.0,0.0,84.169,0.7,75.27,0.634
Hong Kong,0.0,0.0,0.0,0.0,0.0,0.0,0.0,0.0,0.0,0.0,0.0,0.0,0.0,0.0,0.0,0.0,0.0,0.0,0.0,0.0,0.0,0.0,0.0,0.0,0.0,0.0,11193673.0,0.0,0.0,0.0,0.0,0.0,0.0,0.0,0.0,842760.0,432545.0,1275305.0,7496988.0,44.8,16.303,10.158,56054.92,0.0,8.33,0.0,0.0,0.0,0.0,84.86,0.949
Hungary,769518.0,26625.0,0.46,2.36,1.1171929824561395,0.11173197027656848,0.0,0.0,0.0,0.0,57.0,12553.0,3505.7704918032787,13393813.154976262,0.0,0.0,0.0,0.0,0.0,0.0,0.0,0.0,39.0,42553.0,11637.985542168675,114246549.88412824,4829764.0,0.001,0.354,0.09673349633251838,0.00758681161638202,2.8,1042.3,68.31198044009781,17037.391567960523,3603901.0,1665067.0,5268968.0,9660350.0,43.4,18.577,11.976,26777.561,278.296,7.55,26.8,34.8,0.0,7.02,76.88,0.854
Iceland,6390.0,29.0,0.22,2.09,0.957156862745098,0.13322034794309892,0.0,14.0,1.6952789699570816,9.121737368527723,1.0,80.0,14.495145631067961,391.02667546422805,0.937,0.937,0.937,0.0,0.937,49.669,7.684600000000002,127.59369231999997,7.0,4525.0,802.8646080760095,507063.47573078494,338006.0,0.001,0.132,0.01675120772946854,0.0004467666048215818,7.6,3475.5,270.8000000000001,240693.40033898316,80721.0,32609.0,113330.0,341250.0,37.3,14.431,9.207,46482.958,117.992,5.31,14.3,15.2,0.0,2.91,82.99,0.949
India,17313163.0,195123.0,0.85,2.21,1.1870443349753703,0.09240013103933635,0.0,0.0,0.0,0.0,0.0,0.0,0.0,0.0,0.0,0.0,0.0,0.0,0.0,0.0,0.0,0.0,157.0,1753569.0,707910.9168831169,190442997077.47876,277918810.0,0.016,0.198,0.058303482587064574,0.0011754153610059168,5.1,62.0,24.68980099502489,240.1391248360188,117795008.0,21390165.0,139185173.0,1380004385.0,28.2,5.989,3.414,6426.674,282.28,10.39,1.9,20.6,59.55,0.53,69.66,0.645
Indonesia,1641194.0,44594.0,0.85,2.12,1.1062469135802466,0.038498506934918575,0.0,0.0,0.0,0.0,0.0,0.0,0.0,0.0,0.0,0.0,0.0,0.0,0.0,0.0,0.0,0.0,25.0,87194.0,22998.993442622952,287720985.252416,9584455.0,0.082,0.424,0.16346115288220547,0.0032528199194728647,2.4,12.2,6.745363408521303,3.744182762671085,11741559.0,6829415.0,18570974.0,273523621.0,29.3,5.319,3.053,11188.744,342.864,6.32,2.8,76.1,64.204,1.04,71.72,0.718
International,721.0,15.0,0.0,0.0,0.0,0.0,0.0,0.0,0.0,0.0,0.0,0.0,0.0,0.0,0.0,0.0,0.0,0.0,0.0,0.0,0.0,0.0,0.0,0.0,0.0,0.0,0.0,0.0,0.0,0.0,0.0,0.0,0.0,0.0,0.0,0.0,0.0,0.0,0.0,0.0,0.0,0.0,0.0,0.0,0.0,0.0,0.0,0.0,0.0,0.0,0.0
Iran,2396204.0,69574.0,0.74,4.84,1.130827423167849,0.22234092293591262,0.0,0.0,0.0,0.0,0.0,0.0,0.0,0.0,0.0,0.0,0.0,0.0,0.0,0.0,0.0,0.0,9135.0,92186.0,30982.55135135135,279367958.86357933,14854140.0,0.075,0.326,0.14363588390501322,0.0037452552822662046,3.1,13.3,7.92348284960421,5.884963067647831,518904.0,148298.0,667202.0,83992953.0,32.4,5.44,3.182,19082.62,270.308,9.59,0.8,21.1,0.0,1.5,76.68,0.783
Iraq,1031322.0,15257.0,0.67,1.97,1.1183538083538092,0.057940041895815954,0.0,0.0,0.0,0.0,0.0,0.0,0.0,0.0,0.0,0.0,0.0,0.0,0.0,0.0,0.0,0.0,698.0,53021.0,22440.291946308724,179430118.91141155,9076934.0,0.009,0.215,0.11436702127659575,0.004686764231552739,4.7,110.9,18.585638297872357,400.10601714576757,298377.0,0.0,298377.0,40222503.0,20.0,3.186,1.957,15663.986,218.612,8.83,0.0,0.0,94.576,1.4,70.6,0.674
Ireland,246633.0,4873.0,0.45,2.87,1.0861822660098515,0.1824098091436336,4.0,221.0,62.57364341085271,3425.1438014542405,6.0,2020.0,391.8014705882353,199466.9875468569,3.979,66.64,18.345407407407407,327.6613174266119,3.979,889.202,160.20829090909095,38273.68879929719,946.0,29972.0,10898.786069651742,39516601.03881092,4387769.0,0.001,0.255,0.04779545454545446,0.0025264758379247034,3.9,683.0,74.79267676767681,14029.591587784413,987681.0,398072.0,1385753.0,4937796.0,38.7,13.928,8.678,67335.293,126.459,3.28,23.0,25.7,0.0,2.96,82.3,0.955
Isle of Man,0.0,0.0,0.0,0.0,0.0,0.0,0.0,0.0,0.0,0.0,0.0,0.0,0.0,0.0,0.0,0.0,0.0,0.0,0.0,0.0,0.0,0.0,0.0,0.0,0.0,0.0,0.0,0.0,0.0,0.0,0.0,0.0,0.0,0.0,0.0,54002.0,15656.0,69658.0,85032.0,0.0,0.0,0.0,0.0,0.0,0.0,0.0,0.0,0.0,0.0,81.4,0.0
Israel,838024.0,6352.0,0.41,2.94,1.075208845208845,0.2194809760396982,88.0,420.0,217.47035573122528,8377.766907778592,10.0,2388.0,890.4180522565321,344215.03188314254,5.0,1186.0,360.21666666666664,106666.4363888889,22.0,1986.0,732.2666666666667,292889.89555555565,13.0,126327.0,37020.805104408355,941225852.5931064,15955967.0,0.003,0.13,0.045051886792452873,0.0009943888171947315,7.7,347.9,53.77641509433964,4763.283736205056,5383569.0,5017868.0,10401437.0,8655541.0,30.6,11.733,7.359,33132.32,93.32,6.74,15.4,35.4,0.0,2.99,82.97,0.919
Italy,3962674.0,119238.0,0.63,3.55,1.1279107981220655,0.2087911751416166,26.0,4068.0,1682.3619047619047,1901767.8595011348,127.0,38507.0,16466.869047619046,158497447.1185659,0.0,0.0,0.0,0.0,338.594,18468.58,6217.489426229506,28252629.246367764,-47510.0,378463.0,134088.48122065727,11108122873.118195,57126017.0,0.004,0.268,0.06669761904761906,0.0038321014229024887,3.7,272.2,56.3080952380952,4935.261172562356,12548046.0,5215459.0,17751562.0,60461828.0,47.9,23.021,16.24,35220.084,113.151,4.78,19.8,27.8,0.0,3.18,83.51,0.892
Jamaica,45004.0,760.0,0.65,1.84,1.0814171122994658,0.05289077254139381,0.0,0.0,0.0,0.0,0.0,0.0,0.0,0.0,0.0,0.0,0.0,0.0,0.0,0.0,0.0,0.0,34.0,2976.0,639.4316239316239,173922.62139308933,320168.0,0.006,0.29,0.10439018087855292,0.005782444658106816,3.5,159.3,27.66279069767441,1182.4695715401708,135473.0,0.0,135473.0,2961161.0,31.4,9.684,6.39,8193.571,206.537,11.28,5.3,28.6,66.425,1.7,74.47,0.734
Japan,568621.0,9939.0,0.43,2.03,1.1064485981308412,0.09950280810551128,0.0,0.0,0.0,0.0,0.0,0.0,0.0,0.0,0.0,0.0,0.0,0.0,0.0,0.0,0.0,0.0,4.0,103676.0,24446.80361173815,650297898.7718158,10829934.0,0.007,0.204,0.05485649202733482,0.0013326377198125778,4.9,138.0,28.883599088838256,525.9275670010011,1839356.0,878734.0,2718090.0,126476458.0,48.2,27.049,18.493,39002.223,79.37,5.72,11.2,33.7,0.0,13.05,84.63,0.919
Jersey,0.0,0.0,0.0,0.0,0.0,0.0,0.0,0.0,0.0,0.0,0.0,0.0,0.0,0.0,0.0,0.0,0.0,0.0,0.0,0.0,0.0,0.0,0.0,0.0,0.0,0.0,0.0,0.0,0.0,0.0,0.0,0.0,0.0,0.0,0.0,49413.0,27772.0,77185.0,101073.0,0.0,0.0,0.0,0.0,0.0,0.0,0.0,0.0,0.0,0.0,0.0,0.0
Jordan,702154.0,8615.0,0.62,1.84,1.1092462311557783,0.10085420570187614,0.0,0.0,0.0,0.0,0.0,0.0,0.0,0.0,0.0,0.0,0.0,0.0,0.0,0.0,0.0,0.0,9583.0,54052.0,27047.52,96364500.4324571,6593672.0,0.039,0.247,0.1260414201183433,0.0034188917754980545,4.0,25.4,10.591124260355027,40.246370925387794,607381.0,124671.0,732052.0,10203140.0,23.2,3.81,2.361,8337.49,208.257,11.75,0.0,0.0,0.0,1.4,74.53,0.729
Kazakhstan,361575.0,3315.0,0.73,1.69,1.0782741116751258,0.031281792883094066,0.0,0.0,0.0,0.0,0.0,0.0,0.0,0.0,0.0,0.0,0.0,0.0,0.0,0.0,0.0,0.0,207.0,68801.0,24669.613466334165,196037763.11991844,9943652.0,0.005,0.228,0.03690796019900494,0.0013395213794212956,4.4,203.0,45.85671641791045,842.7626538947061,858566.0,143239.0,1001805.0,18776707.0,30.6,6.991,4.625,24055.588,466.792,7.11,7.0,43.1,98.999,6.7,73.6,0.825
Kenya,156787.0,2622.0,0.61,1.56,1.0880620155038765,0.06111588245898691,0.0,0.0,0.0,0.0,0.0,0.0,0.0,0.0,0.0,0.0,0.0,0.0,0.0,0.0,0.0,0.0,21.0,19403.0,3249.715909090909,5208552.396565079,1624663.0,0.011,0.192,0.06944568245125353,0.0019424921749520863,5.2,94.8,22.703899721448447,288.75029119885755,750471.0,0.0,750471.0,53771300.0,20.0,2.686,1.528,2993.028,218.637,2.92,1.2,20.4,24.651,1.4,66.7,0.601
Kosovo,103638.0,2134.0,0.97,1.34,1.1269665809768623,0.009203651839467123,0.0,0.0,0.0,0.0,0.0,0.0,0.0,0.0,0.0,0.0,0.0,0.0,0.0,0.0,0.0,0.0,0.0,0.0,0.0,0.0,0.0,0.0,0.0,0.0,0.0,0.0,0.0,0.0,0.0,22096.0,0.0,22096.0,1932774.0,0.0,0.0,0.0,9795.834,0.0,0.0,0.0,0.0,0.0,0.0,0.0,0.0
Kuwait,266949.0,1516.0,0.71,2.42,1.0893596059113317,0.0677202795505836,0.0,0.0,0.0,0.0,0.0,0.0,0.0,0.0,0.0,0.0,0.0,0.0,0.0,0.0,0.0,0.0,1990.0,12279.0,5912.768786127168,7139508.611280028,2272818.0,0.037,0.263,0.1350588235294118,0.002977702422145326,3.8,26.8,9.377647058823525,29.38285328719724,822000.0,38000.0,860000.0,4270563.0,33.7,2.345,1.114,65530.537,132.235,15.84,2.7,37.0,0.0,2.0,75.49,0.806
Kyrgyzstan,93831.0,1582.0,0.63,1.62,1.0590488431876595,0.054039969336708085,0.0,0.0,0.0,0.0,0.0,0.0,0.0,0.0,0.0,0.0,0.0,0.0,0.0,0.0,0.0,0.0,0.0,0.0,0.0,0.0,0.0,0.0,0.0,0.0,0.0,0.0,0.0,0.0,0.0,2100.0,0.0,2100.0,6524191.0,26.3,4.489,2.882,3393.474,436.362,7.11,3.6,50.5,89.22,4.5,71.45,0.697
Laos,323.0,0.0,0.0,0.0,0.0,0.0,0.0,0.0,0.0,0.0,0.0,0.0,0.0,0.0,0.0,0.0,0.0,0.0,0.0,0.0,0.0,0.0,0.0,0.0,0.0,0.0,0.0,0.0,0.0,0.0,0.0,0.0,0.0,0.0,0.0,125363.0,58315.0,183678.0,7275556.0,24.4,4.029,2.322,6397.36,368.111,4.0,7.3,51.2,49.839,1.5,67.92,0.613
Latvia,115316.0,2102.0,0.71,1.76,1.093400000000002,0.04831543999999988,0.0,0.0,0.0,0.0,2.0,1155.0,324.8753246753247,141317.03900151787,0.989,161.165,69.71910256410256,3576.4638172202485,0.0,0.0,0.0,0.0,10.0,24155.0,5140.5071090047395,26772557.885020565,2169294.0,0.001,0.119,0.03432530120481927,0.0010942002032225282,8.4,5097.9,210.66481927710856,170508.01770207597,219354.0,38232.0,257586.0,1886202.0,43.9,19.754,14.136,25063.846,350.06,4.91,25.6,51.0,0.0,5.57,75.29,0.866
Lebanon,520939.0,7142.0,0.73,1.61,1.1077037037037045,0.03171546776406032,0.0,0.0,0.0,0.0,0.0,0.0,0.0,0.0,0.0,0.0,0.0,0.0,0.0,0.0,0.0,0.0,0.0,0.0,0.0,0.0,0.0,0.0,0.0,0.0,0.0,0.0,0.0,0.0,0.0,271335.0,144227.0,415562.0,6825442.0,31.1,8.514,5.43,13367.565,266.591,12.71,26.9,40.7,0.0,2.9,78.93,0.744
Lesotho,10728.0,316.0,0.25,1.56,0.8964705882352942,0.14095640138408333,0.0,0.0,0.0,0.0,0.0,0.0,0.0,0.0,0.0,0.0,0.0,0.0,0.0,0.0,0.0,0.0,0.0,0.0,0.0,0.0,0.0,0.0,0.0,0.0,0.0,0.0,0.0,0.0,0.0,16000.0,0.0,16000.0,2142252.0,22.2,4.506,2.647,2851.153,405.126,3.94,0.4,53.9,2.117,0.0,54.33,0.527
Liberia,2097.0,85.0,0.06,1.33,0.7036141304347823,0.1352160141481571,0.0,0.0,0.0,0.0,0.0,0.0,0.0,0.0,0.0,0.0,0.0,0.0,0.0,0.0,0.0,0.0,0.0,0.0,0.0,0.0,0.0,0.0,0.0,0.0,0.0,0.0,0.0,0.0,0.0,0.0,0.0,0.0,5057677.0,19.2,3.057,1.756,752.788,272.509,2.42,1.5,18.1,1.188,0.8,64.1,0.48
Libya,175286.0,2996.0,0.89,1.39,1.0970392749244702,0.018168273381951625,0.0,0.0,0.0,0.0,0.0,0.0,0.0,0.0,0.0,0.0,0.0,0.0,0.0,0.0,0.0,0.0,1.0,7698.0,2369.7320872274145,3653254.6634252397,0.0,0.002,0.268,0.08956024096385541,0.006054137937291336,3.7,965.0,82.3153374233129,34435.598844518056,750.0,0.0,750.0,6871287.0,29.0,4.424,2.816,17881.509,341.862,10.43,0.0,0.0,0.0,3.7,72.91,0.724
Liechtenstein,2884.0,57.0,0.19,1.78,1.0143209876543204,0.13590190519737833,0.0,0.0,0.0,0.0,0.0,0.0,0.0,0.0,0.0,0.0,0.0,0.0,0.0,0.0,0.0,0.0,1.0,382.0,115.53592814371258,7010.530146294242,38589.0,0.001,0.219,0.060685628742514944,0.005145113745562769,4.6,1000.0,79.21039426523295,21691.26473066893,7229.0,3228.0,10457.0,38137.0,0.0,0.0,0.0,0.0,0.0,7.77,0.0,0.0,0.0,2.397,82.49,0.919
Lithuania,241297.0,3848.0,0.64,1.66,1.0842713567839206,0.05532899169212891,0.0,0.0,0.0,0.0,1.0,2571.0,1248.6136363636363,552586.6613292011,8.769,128.608,69.60855555555555,1002.6626573580246,0.974,779.443,236.81419999999997,59460.99807108001,114.0,21185.0,6879.2725,21059978.513243757,2751709.0,0.002,0.254,0.06311928934010158,0.004517120287819829,3.9,500.0,78.56878172588844,9547.25879699298,630760.0,246835.0,877595.0,2722291.0,43.5,19.002,13.778,29524.265,342.989,3.67,21.3,38.0,0.0,6.56,75.93,0.882
Luxembourg,66007.0,790.0,0.55,2.61,1.1043672456575666,0.1178960636417933,1.0,50.0,16.057142857142857,211.84435374149646,1.0,247.0,93.41854636591479,4537.386222448352,0.0,0.0,0.0,0.0,0.0,0.0,0.0,0.0,1.0,16175.0,6220.453460620525,20999782.644015472,2606391.0,0.001,0.216,0.030818181818181842,0.0010957605539423695,4.6,969.6,103.5171990171991,24963.16810714223,125739.0,47414.0,173153.0,625976.0,39.7,14.312,9.842,94277.965,128.275,4.42,20.9,26.0,0.0,4.51,82.25,0.916
Macao,0.0,0.0,0.0,0.0,0.0,0.0,0.0,0.0,0.0,0.0,0.0,0.0,0.0,0.0,0.0,0.0,0.0,0.0,0.0,0.0,0.0,0.0,0.0,0.0,0.0,0.0,0.0,0.0,0.0,0.0,0.0,0.0,0.0,0.0,0.0,60800.0,32888.0,93688.0,649342.0,39.2,9.798,4.991,104861.851,0.0,0.0,0.0,0.0,0.0,0.0,84.24,0.0
Madagascar,35746.0,599.0,0.25,1.81,0.8649206349206359,0.14214615772234812,0.0,0.0,0.0,0.0,0.0,0.0,0.0,0.0,0.0,0.0,0.0,0.0,0.0,0.0,0.0,0.0,42.0,3284.0,705.6464646464647,266320.6123864911,175590.0,0.104,0.547,0.15285875706214697,0.015429844457212152,1.8,197.5,13.14926253687316,421.5410835269455,0.0,0.0,0.0,27691019.0,19.6,2.929,1.686,1416.44,405.994,3.94,0.0,0.0,50.54,0.2,67.04,0.528
Malawi,34016.0,1147.0,0.6,2.05,1.0585628742514965,0.16795841371149947,0.0,0.0,0.0,0.0,0.0,0.0,0.0,0.0,0.0,0.0,0.0,0.0,0.0,0.0,0.0,0.0,1.0,1995.0,304.83422459893046,71322.72652921158,225576.0,0.003,0.377,0.08907466666666668,0.007403114424888889,2.7,329.0,35.554133333333304,2088.7120829155583,267293.0,0.0,267293.0,19129955.0,18.1,2.979,1.783,1095.042,227.349,3.94,4.4,24.7,8.704,1.3,64.26,0.483
Malaysia,392942.0,1436.0,0.54,2.44,1.1215085158150855,0.1119330041853887,0.0,0.0,0.0,0.0,0.0,0.0,0.0,0.0,0.0,0.0,0.0,0.0,0.0,0.0,0.0,0.0,3.0,126964.0,22967.682989690722,416910419.41239136,9066170.0,0.001,0.163,0.03552558139534884,0.0011000074851270961,6.1,1881.5,209.04564705882376,118922.90182222836,800996.0,504165.0,1305161.0,32365998.0,29.9,6.293,3.407,26808.164,260.942,16.74,1.0,42.4,0.0,1.9,76.16,0.81
Maldives,27874.0,71.0,0.76,1.84,1.072896174863388,0.040262650422526754,0.0,0.0,0.0,0.0,0.0,0.0,0.0,0.0,0.0,0.0,0.0,0.0,0.0,0.0,0.0,0.0,22.0,6659.0,1880.9812332439678,1713197.980881052,716996.0,0.001,0.142,0.044015075376884386,0.0010840449988636668,7.0,1125.9,47.30820512820519,9312.735368573309,290014.0,70983.0,360997.0,540542.0,30.6,4.12,2.875,15183.616,164.905,9.19,2.1,55.0,95.803,0.0,78.92,0.74
Mali,13627.0,467.0,0.75,1.43,1.079151193633953,0.029360022233323253,0.0,0.0,0.0,0.0,0.0,0.0,0.0,0.0,0.0,0.0,0.0,0.0,0.0,0.0,0.0,0.0,0.0,0.0,0.0,0.0,0.0,0.0,0.0,0.0,0.0,0.0,0.0,0.0,0.0,49903.0,0.0,49903.0,20250834.0,16.4,2.519,1.486,2014.306,268.024,2.42,1.6,23.0,52.232,0.1,59.31,0.434
Malta,30174.0,413.0,0.19,1.59,0.9576574307304783,0.08296101110977158,0.0,0.0,0.0,0.0,0.0,0.0,0.0,0.0,0.858,12.013,4.882172413793104,5.3378722806183125,3.432,89.241,22.147431034482754,558.4136166935195,5.0,4760.0,2015.924882629108,1229698.9239348453,858830.0,0.001,0.077,0.02706829268292679,0.00040033192147531177,13.0,6062.9,253.59926470588215,475802.3215925968,211985.0,99574.0,311559.0,441539.0,42.4,19.426,11.324,36513.323,168.711,8.83,20.9,30.2,0.0,4.485,82.53,0.895
Marshall Islands,4.0,0.0,0.0,0.0,0.0,0.0,0.0,0.0,0.0,0.0,0.0,0.0,0.0,0.0,0.0,0.0,0.0,0.0,0.0,0.0,0.0,0.0,0.0,0.0,0.0,0.0,0.0,0.0,0.0,0.0,0.0,0.0,0.0,0.0,0.0,0.0,0.0,0.0,59194.0,0.0,0.0,0.0,3819.202,557.793,30.53,0.0,0.0,82.502,2.7,73.7,0.704
Mauritania,18257.0,454.0,0.66,1.8,1.0252941176470596,0.08757256055363331,0.0,0.0,0.0,0.0,0.0,0.0,0.0,0.0,0.0,0.0,0.0,0.0,0.0,0.0,0.0,0.0,1.0,1195.0,344.54411764705884,86499.07158304499,254282.0,0.0,0.0,0.0,0.0,0.0,0.0,0.0,0.0,7038.0,0.0,7038.0,4649660.0,20.3,3.138,1.792,3597.633,232.347,2.42,0.0,0.0,15.95,0.0,64.92,0.546
Mauritius,1206.0,16.0,0.01,1.3,0.40706632653061214,0.12470185274364845,0.0,0.0,0.0,0.0,0.0,0.0,0.0,0.0,0.0,0.0,0.0,0.0,0.0,0.0,0.0,0.0,0.0,0.0,0.0,0.0,0.0,0.0,0.0,0.0,0.0,0.0,0.0,0.0,0.0,117323.0,0.0,117323.0,1271767.0,37.4,10.945,5.884,20292.745,224.644,22.02,3.2,40.7,0.0,3.4,74.99,0.804
Mexico,2328391.0,214947.0,0.85,1.93,1.1066666666666665,0.05266849087893864,0.0,0.0,0.0,0.0,0.0,0.0,0.0,0.0,0.0,0.0,0.0,0.0,0.0,0.0,0.0,0.0,25.0,48287.0,12719.185416666667,136900674.71770397,6105209.0,0.01,0.53,0.3326021052631584,0.025373982732409987,1.9,100.0,8.984210526315815,275.2967822714678,12038498.0,5830079.0,16410034.0,128932753.0,29.3,6.857,4.321,17336.469,152.783,13.06,6.9,21.4,87.847,1.38,75.05,0.779
Micronesia (country),1.0,0.0,0.0,0.0,0.0,0.0,0.0,0.0,0.0,0.0,0.0,0.0,0.0,0.0,0.0,0.0,0.0,0.0,0.0,0.0,0.0,0.0,0.0,0.0,0.0,0.0,0.0,0.0,0.0,0.0,0.0,0.0,0.0,0.0,0.0,0.0,0.0,0.0,115021.0,23.0,4.81,2.392,3299.464,454.343,12.02,0.0,0.0,0.0,0.0,67.88,0.62
Moldova,249139.0,5730.0,0.67,2.07,1.076876574307305,0.044128279476425857,0.0,0.0,0.0,0.0,0.0,0.0,0.0,0.0,0.0,0.0,0.0,0.0,0.0,0.0,0.0,0.0,0.0,0.0,0.0,0.0,0.0,0.0,0.0,0.0,0.0,0.0,0.0,0.0,0.0,108760.0,11494.0,120254.0,4033963.0,37.6,10.864,6.955,5189.972,408.502,5.72,5.9,44.6,86.979,5.8,71.9,0.75
Monaco,2432.0,32.0,0.16,1.55,0.9725732899022809,0.10923539772305273,0.0,0.0,0.0,0.0,0.0,0.0,0.0,0.0,0.0,0.0,0.0,0.0,0.0,0.0,0.0,0.0,0.0,0.0,0.0,0.0,0.0,0.0,0.0,0.0,0.0,0.0,0.0,0.0,0.0,12758.0,11632.0,24390.0,39244.0,0.0,0.0,0.0,0.0,0.0,5.46,0.0,0.0,0.0,13.8,86.75,0.0
Mongolia,31339.0,80.0,0.23,1.56,0.861632653061225,0.19363990004164908,0.0,0.0,0.0,0.0,0.0,0.0,0.0,0.0,0.0,0.0,0.0,0.0,0.0,0.0,0.0,0.0,644.0,57833.0,15796.62091503268,103371864.09158878,2630600.0,0.001,0.109,0.011670886075949374,0.0004222587726325909,9.1,5979.6,643.0721518987341,747066.1082118247,0.0,0.0,678692.0,3278292.0,28.6,4.031,2.421,11840.846,460.043,4.82,5.5,46.5,71.18,7.0,69.87,0.737
Montenegro,96660.0,1465.0,-0.01,2.36,0.9169922879177367,0.19500149351378882,0.0,0.0,0.0,0.0,0.0,0.0,0.0,0.0,0.0,0.0,0.0,0.0,0.0,0.0,0.0,0.0,0.0,0.0,0.0,0.0,0.0,0.0,0.0,0.0,0.0,0.0,0.0,0.0,0.0,39636.0,20275.0,59911.0,628062.0,39.1,14.762,9.395,16409.288,387.305,10.08,44.0,47.9,0.0,3.861,76.88,0.829
Montserrat,0.0,0.0,0.0,0.0,0.0,0.0,0.0,0.0,0.0,0.0,0.0,0.0,0.0,0.0,0.0,0.0,0.0,0.0,0.0,0.0,0.0,0.0,0.0,0.0,0.0,0.0,0.0,0.0,0.0,0.0,0.0,0.0,0.0,0.0,0.0,1293.0,616.0,1909.0,4999.0,0.0,0.0,0.0,0.0,0.0,0.0,0.0,0.0,0.0,0.0,74.16,0.0
Morocco,509363.0,8992.0,0.74,1.91,1.0788944723618097,0.05708872755738482,0.0,0.0,0.0,0.0,0.0,0.0,0.0,0.0,0.0,0.0,0.0,0.0,0.0,0.0,0.0,0.0,1.0,25162.0,13667.685503685503,62343093.81264002,5712404.0,0.004,0.265,0.09026746987951795,0.004826523640586441,3.8,253.6,30.798072289156632,2302.8777312236907,4723635.0,4217485.0,8941120.0,36910558.0,29.6,6.769,4.209,7485.013,419.146,7.14,0.8,47.1,0.0,1.1,76.68,0.686
Mozambique,69665.0,807.0,0.72,1.57,1.0630459770114937,0.03538497489760869,0.0,0.0,0.0,0.0,0.0,0.0,0.0,0.0,0.0,0.0,0.0,0.0,0.0,0.0,0.0,0.0,-87.0,5923.0,1310.6701298701298,836903.3171597231,511476.0,0.003,0.336,0.0957538860103627,0.006742087096297892,3.0,370.6,22.454922279792722,1127.3183306934418,57305.0,0.0,57305.0,31255435.0,17.7,3.158,1.87,1136.103,329.942,3.3,5.1,29.1,12.227,0.7,60.85,0.456
Myanmar,142712.0,3206.0,0.4,2.2,0.9630810810810803,0.1519094258582909,0.0,0.0,0.0,0.0,0.0,0.0,0.0,0.0,0.0,0.0,0.0,0.0,0.0,0.0,0.0,0.0,63.0,83383.0,7817.50974025974,87103352.99016488,2482290.0,0.001,0.218,0.04130696202531648,0.002247643116087166,4.6,2531.5,285.9753164556962,221942.86540338115,1000000.0,40000.0,1040000.0,54409794.0,29.1,5.732,3.12,5591.597,202.104,4.61,6.3,35.2,79.287,0.9,67.13,0.583
Namibia,47776.0,625.0,0.78,1.59,1.078184818481849,0.048851160561600646,0.0,0.0,0.0,0.0,0.0,0.0,0.0,0.0,0.0,0.0,0.0,0.0,0.0,0.0,0.0,0.0,15.0,2778.0,1125.6666666666667,402121.2558613656,381182.0,0.001,0.257,0.09429765013054832,0.0040871333365146605,3.9,937.1,31.261627906976695,6281.715329908071,11971.0,862.0,12833.0,2540916.0,22.0,3.552,2.085,9541.808,243.811,3.94,9.7,34.2,44.6,0.0,63.71,0.646
Nauru,0.0,0.0,0.0,0.0,0.0,0.0,0.0,0.0,0.0,0.0,0.0,0.0,0.0,0.0,0.0,0.0,0.0,0.0,0.0,0.0,0.0,0.0,0.0,0.0,0.0,0.0,0.0,0.0,0.0,0.0,0.0,0.0,0.0,0.0,0.0,168.0,0.0,168.0,10834.0,0.0,0.0,0.0,12895.635,0.0,24.07,43.0,36.9,0.0,5.0,59.96,0.0
Nepal,300119.0,3164.0,0.57,2.16,1.1259375000000007,0.1374150301846591,0.0,0.0,0.0,0.0,0.0,0.0,0.0,0.0,0.0,0.0,0.0,0.0,0.0,0.0,0.0,0.0,1.0,20118.0,5765.5790754257905,18578102.759562157,2405017.0,0.001,0.26,0.07647203579418345,0.0052175870256094565,3.9,1179.5,44.418341708542734,11472.560090717405,1989248.0,0.0,1989248.0,29136808.0,25.0,5.809,3.212,2442.804,260.797,7.26,9.5,37.8,47.782,0.3,70.78,0.602
Netherlands,1486205.0,17281.0,0.62,2.87,1.1210144927536243,0.14632988867884872,7.0,1424.0,426.98081534772183,120125.783804611,1.0,3284.0,1104.3557692307693,613312.6763128692,1.969,738.25,179.36198333333334,25201.219348683066,4.922,3232.552,920.4013166666667,600150.804911316,0.0,0.0,0.0,0.0,8598225.0,0.006,0.292,0.09029310344827586,0.00371893133174792,3.4,166.7,27.25,1326.2976724137923,3635235.0,943197.0,5128167.0,17134873.0,43.2,18.779,11.881,48472.545,109.361,5.29,24.4,27.3,0.0,3.32,82.28,0.944
New Zealand,2601.0,26.0,0.19,1.95,0.8780402010050263,0.08654892300699464,0.0,0.0,0.0,0.0,0.0,0.0,0.0,0.0,0.0,0.0,0.0,0.0,0.0,0.0,0.0,0.0,25.0,25005.0,4922.661721068249,14538822.443430861,2000842.0,0.0,0.04,0.002210144927536233,3.285680529300592e-05,24.9,27035.0,2180.70732323232,7927049.213961529,140580.0,42771.0,183351.0,4822233.0,37.9,15.322,9.72,36085.843,128.797,8.08,14.8,17.2,0.0,2.61,82.29,0.931
Nicaragua,6835.0,181.0,0.08,1.52,0.7434117647058861,0.3312565951557111,0.0,0.0,0.0,0.0,0.0,0.0,0.0,0.0,0.0,0.0,0.0,0.0,0.0,0.0,0.0,0.0,0.0,0.0,0.0,0.0,0.0,0.0,0.0,0.0,0.0,0.0,0.0,0.0,0.0,61625.0,0.0,61625.0,6624554.0,27.3,5.445,3.519,5321.444,137.016,11.47,0.0,0.0,0.0,0.9,74.48,0.66
Niger,5191.0,191.0,0.46,1.54,0.8962953367875647,0.07318290759483477,0.0,0.0,0.0,0.0,0.0,0.0,0.0,0.0,0.0,0.0,0.0,0.0,0.0,0.0,0.0,0.0,0.0,0.0,0.0,0.0,0.0,0.0,0.0,0.0,0.0,0.0,0.0,0.0,0.0,1366.0,0.0,1366.0,24206636.0,15.1,2.553,1.378,926.0,238.339,2.42,0.1,15.4,8.978,0.3,62.42,0.394
Nigeria,164719.0,2062.0,0.6,1.93,1.0436572890025568,0.06696386208881418,0.0,0.0,0.0,0.0,0.0,0.0,0.0,0.0,0.0,0.0,0.0,0.0,0.0,0.0,0.0,0.0,504.0,29602.0,4333.672839506173,18891385.10901539,1870915.0,0.012,0.298,0.10059574468085125,0.004670214237211405,3.4,83.2,19.128457446808497,312.9198550673382,1167837.0,0.0,1167837.0,206139587.0,18.1,2.751,1.447,5338.454,181.013,2.42,0.6,10.8,41.949,0.0,54.69,0.539
North America,37166591.0,841172.0,0.0,0.0,0.0,0.0,0.0,0.0,0.0,0.0,0.0,0.0,0.0,0.0,0.0,0.0,0.0,0.0,0.0,0.0,0.0,0.0,0.0,0.0,0.0,0.0,0.0,0.0,0.0,0.0,0.0,0.0,0.0,0.0,0.0,166395640.0,102793897.0,261659139.0,592072204.0,0.0,0.0,0.0,0.0,0.0,0.0,0.0,0.0,0.0,0.0,0.0,0.0
North Macedonia,150588.0,4677.0,0.66,1.86,1.079974874371859,0.04734648178076307,0.0,0.0,0.0,0.0,0.0,0.0,0.0,0.0,0.0,0.0,0.0,0.0,0.0,0.0,0.0,0.0,113.0,5569.0,1809.5384615384614,1272634.7357001966,708846.0,0.048,0.398,0.17344270833333342,0.009664168592664928,2.5,21.0,7.948177083333339,19.816298760308154,51853.0,0.0,51853.0,2083380.0,39.1,13.26,8.16,13111.214,322.688,10.08,0.0,0.0,0.0,4.28,75.8,0.774
Northern Cyprus,0.0,0.0,0.0,0.0,0.0,0.0,0.0,0.0,0.0,0.0,0.0,0.0,0.0,0.0,0.0,0.0,0.0,0.0,0.0,0.0,0.0,0.0,0.0,0.0,0.0,0.0,0.0,0.0,0.0,0.0,0.0,0.0,0.0,0.0,0.0,60642.0,48848.0,109490.0,0.0,0.0,0.0,0.0,0.0,0.0,0.0,0.0,0.0,0.0,0.0,0.0,0.0
Norway,110612.0,736.0,0.6,3.06,1.089420289855072,0.12131657214870842,0.0,0.0,0.0,0.0,2.0,325.0,103.85326086956522,7483.456728497172,1.01,77.77,12.666393442622947,245.21109518946534,2.02,290.879,66.65990163934424,4793.670080088686,636.0,37943.0,12888.344559585492,83417520.8942321,4974901.0,0.002,0.068,0.01743799472295512,0.00016582926880208277,14.8,607.3,123.19366754617418,15758.619959900021,1189900.0,306845.0,1496745.0,5421242.0,39.7,16.821,10.813,64800.057,114.316,5.31,19.6,20.7,0.0,3.6,82.4,0.957
Oceania,43074.0,1041.0,0.0,0.0,0.0,0.0,0.0,0.0,0.0,0.0,0.0,0.0,0.0,0.0,0.0,0.0,0.0,0.0,0.0,0.0,0.0,0.0,0.0,0.0,0.0,0.0,0.0,0.0,0.0,0.0,0.0,0.0,0.0,0.0,0.0,359623.0,42771.0,2177177.0,42677809.0,0.0,0.0,0.0,0.0,0.0,0.0,0.0,0.0,0.0,0.0,0.0,0.0
Oman,188816.0,1977.0,0.63,1.56,1.1656345177664984,0.04127789687958973,0.0,0.0,0.0,0.0,0.0,0.0,0.0,0.0,0.0,0.0,0.0,0.0,0.0,0.0,0.0,0.0,1314.0,6173.0,3459.310344827586,774455.4554102259,0.0,0.28,0.361,0.33064705882352935,0.00026673817762399085,2.8,3.6,3.0333333333333354,0.02614379084967321,198563.0,46258.0,244821.0,5106622.0,30.7,2.355,1.53,37960.709,266.342,12.61,0.5,15.6,97.4,1.6,77.86,0.813
Pakistan,800452.0,17187.0,0.65,2.47,1.111135802469136,0.07424759884163983,0.0,0.0,0.0,0.0,0.0,0.0,0.0,0.0,0.0,0.0,0.0,0.0,0.0,0.0,0.0,0.0,16.0,68002.0,27426.213333333333,193191170.74915555,11538771.0,0.015,0.256,0.07798019801980186,0.0029876184197627606,3.9,68.7,21.162871287128702,239.40713631016604,1300000.0,0.0,1300000.0,220892331.0,23.5,4.495,2.78,5034.708,423.031,8.35,2.8,36.7,59.607,0.6,67.27,0.557
Palestine,290972.0,3167.0,0.25,4.07,1.110869565217392,0.22682737684865908,0.0,0.0,0.0,0.0,0.0,0.0,0.0,0.0,0.0,0.0,0.0,0.0,0.0,0.0,0.0,0.0,804.0,11118.0,5688.278481012659,3937894.766330181,0.0,0.093,0.317,0.19082125603864727,0.004603026021610771,3.2,10.7,5.995652173913041,4.882927956311706,170109.0,43880.0,213989.0,5101416.0,20.4,3.043,1.726,4449.898,265.91,10.59,0.0,0.0,0.0,0.0,74.05,0.708
Panama,362967.0,6209.0,0.71,2.25,1.0653117206982547,0.05586480307958284,0.0,0.0,0.0,0.0,0.0,0.0,0.0,0.0,0.0,0.0,0.0,0.0,0.0,0.0,0.0,0.0,31.0,19830.0,5730.914425427873,18315888.18583104,2344711.0,0.036,0.414,0.18056543209876552,0.00893336670629478,2.4,27.5,7.968888888888886,33.28974814814814,431459.0,187731.0,619190.0,4314768.0,29.7,7.918,5.03,22267.037,128.346,8.33,2.4,9.9,0.0,2.3,78.51,0.815
Papua New Guinea,10670.0,102.0,0.38,1.57,0.8141132075471698,0.10893591171235317,0.0,0.0,0.0,0.0,0.0,0.0,0.0,0.0,0.0,0.0,0.0,0.0,0.0,0.0,0.0,0.0,0.0,0.0,0.0,0.0,0.0,0.0,0.0,0.0,0.0,0.0,0.0,0.0,0.0,1081.0,0.0,1081.0,8947027.0,22.6,3.808,2.142,3823.194,561.494,17.65,23.5,48.8,0.0,0.0,64.5,0.555
Paraguay,267082.0,5900.0,0.58,2.65,1.1307291666666677,0.0787718641493054,0.0,0.0,0.0,0.0,0.0,0.0,0.0,0.0,0.0,0.0,0.0,0.0,0.0,0.0,0.0,0.0,1.0,6664.0,2560.963503649635,2790642.2103468473,1052556.0,0.008,0.446,0.18619410319410307,0.013993090088077803,2.2,128.5,16.00859950859952,528.5119899305184,86305.0,12361.0,98666.0,7132530.0,26.5,6.378,3.833,8827.01,199.128,8.27,5.0,21.6,79.602,1.3,74.25,0.728
Peru,1761575.0,59724.0,0.92,1.9,1.1725310173697268,0.055752899161992095,0.0,0.0,0.0,0.0,0.0,0.0,0.0,0.0,0.0,0.0,0.0,0.0,0.0,0.0,0.0,0.0,1.0,23483.0,7312.100686498856,34757121.898329064,3195388.0,0.02,0.377,0.17195359628770324,0.010131802951103846,2.7,50.0,8.655769230769227,43.21544748520712,841916.0,570365.0,1412281.0,32971846.0,29.1,7.151,4.455,12236.706,85.755,5.95,4.8,0.0,0.0,1.6,76.74,0.777
Philippines,997523.0,16783.0,0.84,2.39,1.126625615763547,0.06941743126501478,0.0,0.0,0.0,0.0,0.0,0.0,0.0,0.0,0.0,0.0,0.0,0.0,0.0,0.0,0.0,0.0,344.0,61796.0,27985.028497409327,188765388.90851432,10822497.0,0.024,0.241,0.07897105263157886,0.0019663281094182816,4.2,42.3,15.845526315789465,48.525637880886435,1522696.0,230769.0,1753465.0,109581085.0,25.2,4.803,2.661,7599.188,370.437,7.07,7.8,40.8,78.463,1.0,71.23,0.718
Poland,2758856.0,65415.0,0.63,2.49,1.132241379310344,0.09901295651435366,0.0,0.0,0.0,0.0,1550.0,34864.0,10617.055096418733,91365746.58649613,0.0,0.0,0.0,0.0,0.0,0.0,0.0,0.0,-239172.0,327863.0,37156.10277777778,969072240.2699915,13685289.0,0.013,0.503,0.15615492957746482,0.01886651402499504,2.0,79.7,20.927605633802802,433.3291534219406,7765723.0,2578244.0,10343967.0,37846605.0,41.8,16.763,10.202,27216.445,227.331,5.91,23.3,33.1,0.0,6.62,78.73,0.88
Portugal,834442.0,16965.0,0.47,3.23,1.0859213759213762,0.1698664115086719,9.0,904.0,247.2378640776699,56178.43371194266,40.0,6869.0,1575.5995145631068,2751232.672135685,0.0,0.0,0.0,0.0,9.904,884.396,275.321453125,53289.554239247795,40.0,97474.0,24357.892086330936,300919992.37924194,10157266.0,0.008,0.204,0.06254744525547444,0.002882281812208069,4.9,130.7,32.87688564476886,612.7037236341246,2194527.0,823834.0,3018383.0,10196707.0,46.2,21.502,14.924,27936.896,127.842,9.85,16.3,30.0,0.0,3.39,82.05,0.864
Qatar,202201.0,428.0,0.45,2.84,1.0632518337408312,0.08916033022279873,0.0,0.0,0.0,0.0,0.0,0.0,0.0,0.0,0.0,0.0,0.0,0.0,0.0,0.0,0.0,0.0,172.0,10044.0,4589.3746835443035,2313046.9634097116,1854566.0,0.017,0.393,0.11058897243107764,0.009757921281901503,2.5,57.3,15.955889724310783,99.3810116770623,100000.0,0.0,1415761.0,2881060.0,31.9,1.307,0.617,116935.6,176.69,16.52,0.8,26.9,0.0,1.2,80.23,0.848
Romania,1046264.0,27394.0,0.73,2.3,1.1013054187192135,0.06532021706423369,6.0,1531.0,707.2084432717678,198515.62673609896,0.0,0.0,0.0,0.0,0.0,0.0,0.0,0.0,2.986,51112.807,11622.56384090909,203726901.20521066,276.0,60206.0,17363.509493670885,126098888.60434033,7262520.0,0.016,0.298,0.12147642679900737,0.006301599320234714,3.4,61.0,14.679652605459074,163.06296067336146,3037698.0,1794505.0,4832203.0,19237682.0,43.0,17.85,11.69,23313.199,370.946,9.74,22.9,37.1,0.0,6.892,76.05,0.828
Russia,4708640.0,106434.0,0.88,2.51,1.1177171215880874,0.12138684801950625,0.0,0.0,0.0,0.0,0.0,0.0,0.0,0.0,0.0,0.0,0.0,0.0,0.0,0.0,0.0,0.0,2243.0,648370.0,309733.02702702704,20689095920.723583,128099200.0,0.001,0.097,0.03347688564476887,0.00027628839516697187,10.3,1796.6,58.53673965936738,22891.103832679182,11362893.0,6789814.0,18152707.0,145934460.0,39.6,14.178,9.393,24765.954,431.297,6.18,23.4,58.3,0.0,8.05,72.58,0.824
Rwanda,24593.0,330.0,0.44,1.78,1.0620519480519488,0.08253163366503623,0.0,0.0,0.0,0.0,0.0,0.0,0.0,0.0,0.0,0.0,0.0,0.0,0.0,0.0,0.0,0.0,-1884.0,21919.0,3192.2881355932204,5107839.147486353,1284779.0,0.001,0.06,0.015785145888594136,0.00016260901012460512,16.8,868.8,124.48010610079572,13614.029763383956,349702.0,0.0,349702.0,12952209.0,20.3,2.974,1.642,1854.211,191.375,4.28,4.7,21.0,4.617,0.0,69.02,0.543
Saint Helena,0.0,0.0,0.0,0.0,0.0,0.0,0.0,0.0,0.0,0.0,0.0,0.0,0.0,0.0,0.0,0.0,0.0,0.0,0.0,0.0,0.0,0.0,0.0,0.0,0.0,0.0,0.0,0.0,0.0,0.0,0.0,0.0,0.0,0.0,0.0,3563.0,1009.0,4572.0,6071.0,0.0,0.0,0.0,0.0,0.0,0.0,0.0,0.0,0.0,0.0,80.56,0.0
Saint Kitts and Nevis,44.0,0.0,0.0,0.0,0.0,0.0,0.0,0.0,0.0,0.0,0.0,0.0,0.0,0.0,0.0,0.0,0.0,0.0,0.0,0.0,0.0,0.0,0.0,0.0,0.0,0.0,0.0,0.0,0.0,0.0,0.0,0.0,0.0,0.0,0.0,11848.0,0.0,11848.0,53192.0,0.0,0.0,0.0,24654.385,0.0,12.84,0.0,0.0,0.0,2.3,76.23,0.779
Saint Lucia,4486.0,70.0,0.77,1.44,1.0333333333333337,0.050738011695906464,0.0,0.0,0.0,0.0,0.0,0.0,0.0,0.0,0.0,0.0,0.0,0.0,0.0,0.0,0.0,0.0,0.0,0.0,0.0,0.0,0.0,0.0,0.0,0.0,0.0,0.0,0.0,0.0,0.0,20247.0,0.0,23941.0,183629.0,34.9,9.721,6.405,12951.839,204.62,11.62,0.0,0.0,87.202,1.3,76.2,0.759
Saint Vincent and the Grenadines,1830.0,10.0,0.73,1.23,0.9401550387596901,0.016844937203293067,0.0,0.0,0.0,0.0,0.0,0.0,0.0,0.0,0.0,0.0,0.0,0.0,0.0,0.0,0.0,0.0,0.0,0.0,0.0,0.0,0.0,0.0,0.0,0.0,0.0,0.0,0.0,0.0,0.0,0.0,0.0,13852.0,110947.0,31.8,7.724,4.832,10727.146,252.675,11.62,0.0,0.0,0.0,2.6,72.53,0.738
Samoa,3.0,0.0,0.0,0.0,0.0,0.0,0.0,0.0,0.0,0.0,0.0,0.0,0.0,0.0,0.0,0.0,0.0,0.0,0.0,0.0,0.0,0.0,0.0,0.0,0.0,0.0,0.0,0.0,0.0,0.0,0.0,0.0,0.0,0.0,0.0,0.0,0.0,0.0,198410.0,22.0,5.606,3.564,6021.557,348.977,9.21,16.7,38.1,0.0,0.0,73.32,0.715
San Marino,5047.0,89.0,0.05,1.41,0.7762469135802464,0.16013455631763418,0.0,0.0,0.0,0.0,0.0,0.0,0.0,0.0,0.0,0.0,0.0,0.0,0.0,0.0,0.0,0.0,0.0,0.0,0.0,0.0,0.0,0.0,0.0,0.0,0.0,0.0,0.0,0.0,0.0,17368.0,8657.0,26025.0,33938.0,0.0,0.0,0.0,56861.47,0.0,5.64,0.0,0.0,0.0,3.8,84.97,0.0
Sao Tome and Principe,2298.0,35.0,0.35,1.29,0.7096892655367234,0.06763125937629676,0.0,0.0,0.0,0.0,0.0,0.0,0.0,0.0,0.0,0.0,0.0,0.0,0.0,0.0,0.0,0.0,0.0,0.0,0.0,0.0,0.0,0.0,0.0,0.0,0.0,0.0,0.0,0.0,0.0,9724.0,0.0,9724.0,219161.0,18.7,2.886,2.162,3052.714,270.113,2.42,0.0,0.0,41.34,2.9,70.39,0.625
Saudi Arabia,412216.0,6900.0,0.77,2.41,1.08591133004926,0.08740150937901946,0.0,0.0,0.0,0.0,0.0,0.0,0.0,0.0,0.0,0.0,0.0,0.0,0.0,0.0,0.0,0.0,160.0,73912.0,39585.770883054895,358753585.8997727,16586438.0,0.001,0.194,0.03517475728155338,0.002143071401640113,5.2,706.7,104.21456310679602,9002.94949665379,0.0,0.0,8235166.0,34813867.0,31.9,3.295,1.845,49045.411,259.538,17.72,1.8,25.4,0.0,2.7,75.13,0.854
Senegal,40135.0,1102.0,0.7,1.95,1.039695431472081,0.06202884124816405,0.0,0.0,0.0,0.0,0.0,0.0,0.0,0.0,0.0,0.0,0.0,0.0,0.0,0.0,0.0,0.0,1.0,3029.0,1158.252983293556,368757.8405340594,485308.0,0.013,0.571,0.08177349397590354,0.0027790185745391214,1.8,78.0,19.163196125907994,263.28629680657076,398941.0,0.0,398941.0,16743930.0,18.7,3.008,1.796,2470.58,241.219,2.42,0.4,16.6,20.859,0.0,67.94,0.512
Serbia,679667.0,6227.0,0.59,2.13,1.1092518703241891,0.12440592409251178,0.0,0.0,0.0,0.0,0.0,0.0,0.0,0.0,0.0,0.0,0.0,0.0,0.0,0.0,0.0,0.0,1.0,22837.0,8946.256532066509,28538822.984072525,3766407.0,0.008,0.442,0.1421341463414633,0.014297579565734686,2.3,124.9,27.584146341463416,1003.5251389054115,1944492.0,1308547.0,3253039.0,6804596.0,41.2,17.366,0.0,14048.881,439.415,10.08,37.7,40.2,97.719,5.609,76.0,0.806
Seychelles,5284.0,26.0,0.11,1.3,0.6036111111111111,0.19364945987654314,0.0,0.0,0.0,0.0,0.0,0.0,0.0,0.0,0.0,0.0,0.0,0.0,0.0,0.0,0.0,0.0,0.0,0.0,0.0,0.0,0.0,0.0,0.0,0.0,0.0,0.0,0.0,0.0,0.0,66497.0,54668.0,121165.0,98340.0,36.2,8.606,5.586,26382.287,242.648,10.55,7.1,35.7,0.0,3.6,73.4,0.796
Sierra Leone,4044.0,79.0,0.7,1.37,0.9960110803324106,0.027668853062821807,0.0,0.0,0.0,0.0,0.0,0.0,0.0,0.0,0.0,0.0,0.0,0.0,0.0,0.0,0.0,0.0,0.0,0.0,0.0,0.0,0.0,0.0,0.0,0.0,0.0,0.0,0.0,0.0,0.0,42566.0,1781.0,44347.0,7976985.0,19.1,2.538,1.285,1390.3,325.721,2.42,8.8,41.3,19.275,0.0,54.7,0.452
Singapore,61006.0,30.0,0.48,2.15,1.0300476190476182,0.10772428344671206,0.0,0.0,0.0,0.0,0.0,0.0,0.0,0.0,0.0,0.0,0.0,0.0,0.0,0.0,0.0,0.0,0.0,0.0,0.0,0.0,9278789.0,0.001,0.3,0.02102695417789765,0.002395875284253975,3.3,6718.3,1600.107816711589,2695510.321906552,1364124.0,849764.0,2213888.0,5850343.0,42.4,12.922,7.049,85535.383,92.243,10.99,5.2,28.3,0.0,2.4,83.62,0.938
Slovakia,379911.0,11495.0,0.53,1.65,1.0980845771144279,0.07067369433924893,0.0,0.0,0.0,0.0,1.0,3836.0,1344.8276836158193,1968080.1821714707,0.0,0.0,0.0,0.0,0.0,0.0,0.0,0.0,24.0,790993.0,79655.8795180723,23154760514.13007,33057190.0,0.001,0.178,0.041420537897310525,0.0018628402627913492,5.6,1000.0,127.70942928039693,56599.73117659737,1024688.0,419596.0,1444284.0,5459643.0,41.2,15.07,9.167,30155.152,287.959,7.29,23.1,37.7,0.0,5.82,77.54,0.86
Slovenia,237028.0,4208.0,0.37,1.85,1.094398034398033,0.09825313886591515,1.0,212.0,74.54074074074074,6135.902661179701,5.0,1324.0,430.4493827160494,229671.70916628564,1.984,138.869,44.756241379310346,2294.7793963555296,0.992,899.674,278.5592241379311,94435.34940562212,2.0,8063.0,2692.6983758700694,4776678.37770038,1160553.0,0.001,0.324,0.11879529411764697,0.012157023977854666,3.1,1000.0,87.22385542168662,41684.00369597921,408984.0,175319.0,584303.0,2078932.0,44.5,19.062,12.93,31400.84,153.493,7.25,20.1,25.0,0.0,4.5,81.32,0.917
Solomon Islands,20.0,0.0,0.0,0.0,0.0,0.0,0.0,0.0,0.0,0.0,0.0,0.0,0.0,0.0,0.0,0.0,0.0,0.0,0.0,0.0,0.0,0.0,0.0,0.0,0.0,0.0,0.0,0.0,0.0,0.0,0.0,0.0,0.0,0.0,0.0,2000.0,0.0,2000.0,686878.0,20.8,3.507,2.043,2205.923,459.78,18.68,0.0,0.0,35.89,1.4,73.0,0.567
Somalia,13670.0,698.0,0.4,1.39,0.7991129032258064,0.07248120230662507,0.0,0.0,0.0,0.0,0.0,0.0,0.0,0.0,0.0,0.0,0.0,0.0,0.0,0.0,0.0,0.0,0.0,0.0,0.0,0.0,0.0,0.0,0.0,0.0,0.0,0.0,0.0,0.0,0.0,117567.0,0.0,117567.0,15893219.0,16.8,2.731,1.496,0.0,365.769,6.05,0.0,0.0,9.831,0.9,57.4,0.0
South Africa,1575471.0,54148.0,0.5,2.78,1.0902487562189056,0.11467157991138814,0.0,0.0,0.0,0.0,0.0,0.0,0.0,0.0,0.0,0.0,0.0,0.0,0.0,0.0,0.0,0.0,4.0,77167.0,25811.868486352356,225169171.01744342,10530979.0,0.015,0.326,0.11472815533980575,0.0068291348383448134,3.1,65.2,15.18252427184467,135.42838391931377,292623.0,292623.0,292623.0,59308690.0,27.3,5.344,3.053,12294.876,200.38,5.52,8.1,33.2,43.993,2.32,64.13,0.709
South America,24244480.0,651128.0,0.0,0.0,0.0,0.0,0.0,0.0,0.0,0.0,0.0,0.0,0.0,0.0,0.0,0.0,0.0,0.0,0.0,0.0,0.0,0.0,0.0,0.0,0.0,0.0,0.0,0.0,0.0,0.0,0.0,0.0,0.0,0.0,0.0,47549477.0,21051860.0,68601337.0,430759772.0,0.0,0.0,0.0,0.0,0.0,0.0,0.0,0.0,0.0,0.0,0.0,0.0
South Korea,119387.0,1817.0,0.24,5.77,1.087365967365968,0.3123107774897984,0.0,0.0,0.0,0.0,0.0,0.0,0.0,0.0,0.0,0.0,0.0,0.0,0.0,0.0,0.0,0.0,5.0,67176.0,18732.671794871796,261234875.0256145,8577231.0,0.001,0.049,0.012566079295154155,8.895047934172959e-05,20.5,1876.5,165.4105726872246,48100.293720817404,2266888.0,104905.0,2371793.0,51269183.0,43.4,13.914,8.622,35938.374,85.998,6.8,6.2,40.9,0.0,12.27,83.03,0.916
South Sudan,10532.0,114.0,0.66,1.09,0.8799430199430195,0.012911107864384227,0.0,0.0,0.0,0.0,0.0,0.0,0.0,0.0,0.0,0.0,0.0,0.0,0.0,0.0,0.0,0.0,116.0,7340.0,685.081081081081,672276.1015339666,148188.0,0.001,0.242,0.051472340425531886,0.0036174662562245357,4.1,761.4,51.48510638297876,3943.900076052512,947.0,0.0,947.0,11193729.0,19.2,3.441,2.032,1569.888,280.775,10.43,0.0,0.0,0.0,0.0,57.85,0.433
Spain,3468617.0,77591.0,0.57,3.24,1.186985645933014,0.21645598543989433,522.0,4894.0,2423.8716216216217,1163582.4632487223,4636.0,32023.0,14715.628378378378,43790367.01730275,2.963,2793.476,485.17562499999985,311642.8766639844,17.78,30640.324,5290.3368281250005,33651864.70734761,0.0,0.0,0.0,0.0,38644733.0,0.001,0.429,0.0735593220338984,0.0027703594752465795,2.3,767.9,28.261864406779672,2319.337330987266,10403462.0,3862789.0,14266251.0,46754783.0,45.5,19.436,13.799,34272.36,99.403,7.17,27.4,31.4,0.0,2.97,83.56,0.904
Sri Lanka,101379.0,642.0,0.55,1.74,1.037222222222223,0.057161475869809346,0.0,0.0,0.0,0.0,0.0,0.0,0.0,0.0,0.0,0.0,0.0,0.0,0.0,0.0,0.0,0.0,1.0,19687.0,6174.0915662650605,32864926.598844547,2562248.0,0.001,0.334,0.032632075471698094,0.001348364631541475,3.0,825.0,86.54501216545016,12825.571185583774,925242.0,0.0,925242.0,21413250.0,34.1,10.069,5.331,11669.077,197.093,10.68,0.3,27.0,0.0,3.6,76.98,0.782
Sudan,33673.0,2300.0,0.52,1.82,1.0405163043478252,0.09161793995155958,0.0,0.0,0.0,0.0,0.0,0.0,0.0,0.0,0.0,0.0,0.0,0.0,0.0,0.0,0.0,0.0,0.0,0.0,0.0,0.0,0.0,0.0,0.0,0.0,0.0,0.0,0.0,0.0,0.0,140227.0,0.0,140227.0,43849269.0,19.7,3.548,2.034,4466.507,431.388,15.67,0.0,0.0,23.437,0.8,65.31,0.51
Suriname,10045.0,198.0,0.55,2.02,1.0508695652173918,0.11320421280043208,0.0,0.0,0.0,0.0,0.0,0.0,0.0,0.0,0.0,0.0,0.0,0.0,0.0,0.0,0.0,0.0,0.0,0.0,0.0,0.0,0.0,0.0,0.0,0.0,0.0,0.0,0.0,0.0,0.0,36503.0,0.0,36503.0,586634.0,29.6,6.933,4.229,13767.119,258.314,12.54,7.4,42.9,67.779,3.1,71.68,0.738
Sweden,938343.0,13923.0,0.61,2.42,1.2172222222222226,0.09133358829844357,1.0,551.0,205.09112709832135,24027.372990816006,1.0,3005.0,1257.6978417266187,774885.6209305931,2.934,282.611,102.67868253968257,6928.033947867474,0.0,0.0,0.0,0.0,7566.0,48658.0,28475.8,149720780.25999996,0.0,0.007,0.247,0.08735766423357665,0.0030424122222814194,4.0,150.2,24.638321167883227,797.451852655974,2086142.0,710636.0,2796778.0,10099270.0,41.0,19.985,13.433,46949.283,133.982,4.79,18.8,18.9,0.0,2.22,82.8,0.945
Switzerland,646509.0,10570.0,0.46,3.1,1.1466987951807222,0.21345922252866908,0.0,0.0,0.0,0.0,0.0,0.0,0.0,0.0,0.0,0.0,0.0,0.0,0.0,0.0,0.0,0.0,1529.0,57597.0,18855.91343283582,149944088.8193717,6316731.0,0.004,0.271,0.08185373134328347,0.005260178605480061,3.7,250.0,37.30149253731339,2662.6627738917355,1453331.0,820650.0,2273981.0,8654618.0,43.1,18.436,12.644,57410.166,99.739,5.59,22.6,28.9,0.0,4.53,83.78,0.955
Syria,22135.0,1537.0,0.24,1.56,1.0521856287425149,0.05163145057191012,0.0,0.0,0.0,0.0,0.0,0.0,0.0,0.0,0.0,0.0,0.0,0.0,0.0,0.0,0.0,0.0,0.0,0.0,0.0,0.0,0.0,0.0,0.0,0.0,0.0,0.0,0.0,0.0,0.0,2500.0,0.0,2500.0,17500657.0,21.7,0.0,2.577,0.0,376.264,0.0,0.0,0.0,70.598,1.5,72.7,0.567
Taiwan,1100.0,12.0,0.17,1.23,0.8068407960198994,0.11170171097250041,0.0,0.0,0.0,0.0,0.0,0.0,0.0,0.0,0.0,0.0,0.0,0.0,0.0,0.0,0.0,0.0,1.0,3244.0,438.13763440860214,149805.12084171583,203734.0,0.001,0.028,0.005114537444933899,2.0594810689126503e-05,36.1,3895.1,374.1796766743649,154588.3558456231,32389.0,0.0,42672.0,23816775.0,42.2,0.0,8.353,0.0,103.957,0.0,0.0,0.0,0.0,0.0,80.46,0.0
Tajikistan,13308.0,90.0,0.0,2.8,0.698202247191012,0.274900700669107,0.0,0.0,0.0,0.0,0.0,0.0,0.0,0.0,0.0,0.0,0.0,0.0,0.0,0.0,0.0,0.0,0.0,0.0,0.0,0.0,0.0,0.0,0.0,0.0,0.0,0.0,0.0,0.0,0.0,0.0,0.0,0.0,9537642.0,23.3,3.466,2.155,2896.913,427.698,7.11,0.0,0.0,72.704,4.8,71.1,0.668
Tanzania,509.0,21.0,-0.0,1.11,0.03018817204301075,0.01859485706440037,0.0,0.0,0.0,0.0,0.0,0.0,0.0,0.0,0.0,0.0,0.0,0.0,0.0,0.0,0.0,0.0,0.0,0.0,0.0,0.0,0.0,0.0,0.0,0.0,0.0,0.0,0.0,0.0,0.0,0.0,0.0,0.0,59734213.0,17.7,3.108,1.874,2683.304,217.288,5.75,3.3,26.7,47.953,0.7,65.46,0.529
Thailand,55460.0,140.0,0.45,2.22,1.0781975308641971,0.13617675110501457,0.0,0.0,0.0,0.0,0.0,0.0,0.0,0.0,0.0,0.0,0.0,0.0,0.0,0.0,0.0,0.0,1.0,73316.0,9142.373949579833,132708092.00301886,4351770.0,0.001,0.286,0.01997040169133191,0.0015272084262657095,3.5,1000.0,306.43911205074045,101499.0937133762,972204.0,177462.0,1149666.0,69799978.0,40.1,11.373,6.89,16277.671,109.861,7.04,1.9,38.8,90.67,2.1,77.15,0.777
Timor,1897.0,3.0,0.31,1.76,1.1541666666666663,0.21729097222222227,0.0,0.0,0.0,0.0,0.0,0.0,0.0,0.0,0.0,0.0,0.0,0.0,0.0,0.0,0.0,0.0,0.0,0.0,0.0,0.0,0.0,0.0,0.0,0.0,0.0,0.0,0.0,0.0,0.0,2629.0,0.0,2629.0,1318442.0,18.0,3.556,1.897,6570.102,335.346,6.86,6.3,78.1,28.178,5.9,69.5,0.606
Togo,12787.0,121.0,0.95,1.14,1.0668333333333346,0.0017299722222222228,0.0,0.0,0.0,0.0,0.0,0.0,0.0,0.0,0.0,0.0,0.0,0.0,0.0,0.0,0.0,0.0,1.0,2132.0,742.669099756691,199834.67396001704,305237.0,0.004,0.137,0.03582682926829263,0.0008336700118976795,7.3,265.0,45.833250620347386,1302.3947752895465,160000.0,0.0,160000.0,8278737.0,19.4,2.839,1.525,1429.813,280.033,6.15,0.9,14.2,10.475,0.7,61.04,0.515
Tonga,0.0,0.0,0.0,0.0,0.0,0.0,0.0,0.0,0.0,0.0,0.0,0.0,0.0,0.0,0.0,0.0,0.0,0.0,0.0,0.0,0.0,0.0,0.0,0.0,0.0,0.0,0.0,0.0,0.0,0.0,0.0,0.0,0.0,0.0,0.0,500.0,0.0,500.0,105697.0,22.3,5.82,4.032,5425.621,227.49,15.42,11.8,44.4,0.0,2.6,70.91,0.725
Trinidad and Tobago,9676.0,159.0,0.01,2.28,0.8695324675324679,0.3333852359588461,0.0,0.0,0.0,0.0,0.0,0.0,0.0,0.0,0.0,0.0,0.0,0.0,0.0,0.0,0.0,0.0,1.0,30892.0,355.0764705882353,2915300.4412110723,124699.0,0.004,0.496,0.10691954022988504,0.015862573985995512,2.0,281.1,38.878205128205124,2549.8229865220264,27697.0,0.0,27697.0,1399491.0,36.2,10.014,5.819,28763.071,228.467,10.97,0.0,0.0,89.443,3.0,73.51,0.796
Tunisia,300342.0,10304.0,0.5,1.64,1.0906818181818185,0.07884776744719942,0.0,0.0,0.0,0.0,0.0,0.0,0.0,0.0,0.0,0.0,0.0,0.0,0.0,0.0,0.0,0.0,5238.0,8507.0,6541.176470588235,1060918.3806228375,1257117.0,0.245,0.309,0.2784444444444445,0.00047124691358024664,3.2,4.1,3.605555555555555,0.08941358024691357,306612.0,62225.0,368837.0,11818618.0,32.7,8.001,5.075,10849.297,318.991,8.52,1.1,65.8,78.687,2.3,76.7,0.74
Turkey,4629969.0,38358.0,0.32,5.17,1.1319451371571085,0.340682500730717,0.0,0.0,0.0,0.0,0.0,0.0,0.0,0.0,0.0,0.0,0.0,0.0,0.0,0.0,0.0,0.0,7533.0,322128.0,116060.67848101266,5373855944.845996,45884258.0,0.013,0.193,0.06280412371134016,0.0028338843128919134,5.2,77.8,31.737371134020606,513.2880621612284,13171984.0,7958979.0,21130963.0,84339067.0,31.6,8.153,5.061,25129.341,171.285,12.13,14.1,41.1,0.0,2.81,77.69,0.82
Turks and Caicos Islands,0.0,0.0,0.0,0.0,0.0,0.0,0.0,0.0,0.0,0.0,0.0,0.0,0.0,0.0,0.0,0.0,0.0,0.0,0.0,0.0,0.0,0.0,0.0,0.0,0.0,0.0,0.0,0.0,0.0,0.0,0.0,0.0,0.0,0.0,0.0,15039.0,10000.0,25039.0,38718.0,0.0,0.0,0.0,0.0,0.0,0.0,0.0,0.0,0.0,0.0,80.22,0.0
Uganda,41655.0,341.0,0.63,1.76,1.057053824362605,0.05795222656469423,0.0,0.0,0.0,0.0,0.0,0.0,0.0,0.0,0.0,0.0,0.0,0.0,0.0,0.0,0.0,0.0,23.0,8223.0,2660.7698412698414,1570271.915280927,1001301.0,0.001,0.162,0.045837837837837826,0.0017724737034331623,6.2,1251.7,91.86385135135127,23134.184200031974,268317.0,0.0,268317.0,45741000.0,16.4,2.168,1.308,1697.707,213.333,2.5,3.4,16.7,21.222,0.5,63.37,0.544
Ukraine,2079200.0,44121.0,0.79,2.57,1.1227088607594942,0.05638025701009459,0.0,0.0,0.0,0.0,0.0,0.0,0.0,0.0,0.0,0.0,0.0,0.0,0.0,0.0,0.0,0.0,2914.0,84054.0,24561.51550387597,260606741.99394554,9240911.0,0.037,0.504,0.18180266666666664,0.01008226505955556,2.0,26.9,8.068000000000003,28.05438933333339,528028.0,5.0,528033.0,43733759.0,41.4,16.462,11.133,7894.393,539.849,7.11,13.5,47.4,0.0,8.8,72.06,0.779
United Arab Emirates,510738.0,1571.0,0.78,2.22,1.0956467661691554,0.06283055184277654,0.0,0.0,0.0,0.0,0.0,0.0,0.0,0.0,0.0,0.0,0.0,0.0,0.0,0.0,0.0,0.0,75.0,266023.0,99576.40389294404,4690105120.133707,40925902.0,0.001,0.024,0.010572413793103431,3.505854934601644e-05,41.5,5951.0,257.30712643678163,364733.8042940412,5081853.0,3836521.0,10215846.0,9890400.0,34.0,1.144,0.526,67293.483,317.84,17.26,1.2,37.4,0.0,1.2,77.97,0.89
United Kingdom,4420443.0,127681.0,0.49,3.34,1.0988755980861238,0.17770615198827905,60.0,4077.0,1231.6950904392766,1300666.5685288669,770.0,39248.0,11414.551020408164,102876423.512703,0.0,0.0,0.0,0.0,306.0,28791.0,8042.8421052631575,55956236.203139424,11896.0,1893830.0,359156.75773195876,119807356914.3433,145213900.0,0.002,0.3,0.04466929133858271,0.0032343578233823026,3.3,595.0,94.48398950131232,11982.401764661307,33666638.0,12587116.0,46253754.0,67886004.0,40.8,18.517,12.527,39753.244,122.137,4.28,20.0,24.7,0.0,2.54,81.32,0.932
United States,32077178.0,572200.0,0.73,3.67,1.1637499999999987,0.30228112980769206,7779.0,30028.0,14948.420494699647,47507360.80904994,25322.0,129800.0,59412.24028268551,1058950607.7161156,0.0,0.0,0.0,0.0,21480.0,116374.0,54077.0243902439,878132288.3164785,372.0,2311819.0,976933.0909090909,337334664806.17413,408358032.0,0.038,0.199,0.07744660194174757,0.0013837665661231029,5.0,26.3,15.406310679611645,31.70088250541988,139978480.0,94772329.0,228661408.0,331002647.0,38.3,15.413,9.732,54225.446,151.089,10.79,19.1,24.6,0.0,2.77,78.86,0.926
Uruguay,184865.0,2326.0,0.58,1.54,1.1068250000000004,0.03455416937499994,0.0,0.0,0.0,0.0,0.0,0.0,0.0,0.0,0.0,0.0,0.0,0.0,0.0,0.0,0.0,0.0,145.0,19414.0,3974.841750841751,15766770.281354504,1734515.0,0.001,0.268,0.05070284237726096,0.0037253354699570717,3.7,2412.6,114.36770025839792,59494.17701874217,1123099.0,479286.0,1602385.0,3473727.0,35.6,14.655,10.361,20551.409,160.708,6.93,14.0,19.9,0.0,2.8,77.91,0.817
Uzbekistan,89027.0,643.0,0.76,1.67,1.0736479591836747,0.03882164137338605,0.0,0.0,0.0,0.0,0.0,0.0,0.0,0.0,0.0,0.0,0.0,0.0,0.0,0.0,0.0,0.0,0.0,0.0,0.0,0.0,0.0,0.0,0.0,0.0,0.0,0.0,0.0,0.0,0.0,544529.0,0.0,544529.0,33469199.0,28.2,4.469,2.873,6253.104,724.417,7.57,1.3,24.7,0.0,4.0,71.72,0.72
Vanuatu,4.0,1.0,0.0,0.0,0.0,0.0,0.0,0.0,0.0,0.0,0.0,0.0,0.0,0.0,0.0,0.0,0.0,0.0,0.0,0.0,0.0,0.0,0.0,0.0,0.0,0.0,0.0,0.0,0.0,0.0,0.0,0.0,0.0,0.0,0.0,0.0,0.0,0.0,307150.0,23.1,4.394,2.62,2921.909,546.3,12.02,2.8,34.5,25.209,0.0,70.47,0.609
Vatican,27.0,0.0,0.0,0.0,0.0,0.0,0.0,0.0,0.0,0.0,0.0,0.0,0.0,0.0,0.0,0.0,0.0,0.0,0.0,0.0,0.0,0.0,0.0,0.0,0.0,0.0,0.0,0.0,0.0,0.0,0.0,0.0,0.0,0.0,0.0,0.0,0.0,0.0,809.0,0.0,0.0,0.0,0.0,0.0,0.0,0.0,0.0,0.0,0.0,75.12,0.0
Venezuela,191518.0,2047.0,0.61,2.28,1.0956091370558383,0.05815863910433136,0.0,0.0,0.0,0.0,0.0,0.0,0.0,0.0,0.0,0.0,0.0,0.0,0.0,0.0,0.0,0.0,0.0,0.0,0.0,0.0,0.0,0.0,0.0,0.0,0.0,0.0,0.0,0.0,0.0,250000.0,0.0,250000.0,28435943.0,29.0,6.614,3.915,16745.022,204.85,6.47,0.0,0.0,0.0,0.8,72.06,0.711
Vietnam,2843.0,35.0,0.23,1.91,0.8341206030150752,0.12732422666094295,0.0,0.0,0.0,0.0,0.0,0.0,0.0,0.0,0.0,0.0,0.0,0.0,0.0,0.0,0.0,0.0,10.0,92374.0,5753.293103448276,160100648.10374558,2482302.0,0.001,0.016,0.0014893617021276603,7.526482571299235e-06,63.0,44258.7,4957.93306451613,67359829.9638261,209632.0,0.0,209632.0,97338583.0,32.6,7.15,4.718,6171.884,245.465,6.0,1.0,45.9,85.847,2.6,75.4,0.704
World,147189618.0,3109247.0,0.57,3.56,1.1623580786026193,0.1630970595526414,0.0,0.0,0.0,0.0,0.0,0.0,0.0,0.0,0.0,0.0,0.0,0.0,0.0,0.0,0.0,0.0,0.0,0.0,0.0,0.0,0.0,0.0,0.0,0.0,0.0,0.0,0.0,0.0,0.0,555307333.0,238741548.0,1025888010.0,7794798729.0,30.9,8.696,5.355,15469.207,233.07,8.51,6.434,34.635,60.13,2.705,72.58,0.737
Yemen,6137.0,1187.0,0.35,1.85,0.9543313953488373,0.1095536227352623,0.0,0.0,0.0,0.0,0.0,0.0,0.0,0.0,0.0,0.0,0.0,0.0,0.0,0.0,0.0,0.0,0.0,0.0,0.0,0.0,0.0,0.0,0.0,0.0,0.0,0.0,0.0,0.0,0.0,0.0,0.0,0.0,29825968.0,20.3,2.922,1.583,1479.147,495.003,5.35,7.6,29.2,49.542,0.7,66.12,0.47
Zambia,91358.0,1246.0,0.67,1.56,0.9756545961002782,0.04369309518082571,0.0,0.0,0.0,0.0,0.0,0.0,0.0,0.0,0.0,0.0,0.0,0.0,0.0,0.0,0.0,0.0,17.0,14995.0,3652.0692520775624,10649283.693265095,1365448.0,0.004,0.301,0.06701272264631046,0.0045632848254116235,3.3,545.5,48.963496143958814,3574.718873124021,14012.0,0.0,14012.0,18383956.0,17.7,2.48,1.542,3689.251,234.499,3.94,3.1,24.7,13.938,2.0,63.89,0.584
Zimbabwe,38086.0,1557.0,0.6,1.72,1.0817469879518076,0.07905598417767458,0.0,0.0,0.0,0.0,0.0,0.0,0.0,0.0,0.0,0.0,0.0,0.0,0.0,0.0,0.0,0.0,96.0,5055.0,1361.671469740634,1005338.1917796839,481672.0,0.001,0.287,0.06256484149855908,0.003111271732179493,3.5,1125.9,43.67723342939486,9381.999279954161,324488.0,47611.0,372099.0,14862927.0,19.6,2.822,1.882,1899.775,307.846,1.82,1.6,30.7,36.791,1.7,61.49,0.571
